-- phpMyAdmin SQL Dump
-- version 5.2.1
-- https://www.phpmyadmin.net/
--
-- Host: 127.0.0.1
-- Generation Time: Dec 07, 2024 at 07:56 AM
-- Server version: 10.4.28-MariaDB
-- PHP Version: 8.2.4

SET SQL_MODE = "NO_AUTO_VALUE_ON_ZERO";
START TRANSACTION;
SET time_zone = "+00:00";


/*!40101 SET @OLD_CHARACTER_SET_CLIENT=@@CHARACTER_SET_CLIENT */;
/*!40101 SET @OLD_CHARACTER_SET_RESULTS=@@CHARACTER_SET_RESULTS */;
/*!40101 SET @OLD_COLLATION_CONNECTION=@@COLLATION_CONNECTION */;
/*!40101 SET NAMES utf8mb4 */;

--
-- Database: `movieprojectdb`
--

-- --------------------------------------------------------

--
-- Table structure for table `casts`
--

CREATE TABLE `casts` (
  `id` int(11) NOT NULL,
  `movieId` int(11) NOT NULL,
  `userId` int(11) NOT NULL,
  `name` varchar(120) NOT NULL,
  `url` varchar(255) NOT NULL,
  `characterName` varchar(120) NOT NULL,
  `dateCreated` timestamp NOT NULL DEFAULT current_timestamp(),
  `dateUpdated` timestamp NOT NULL DEFAULT '0000-00-00 00:00:00'
) ENGINE=InnoDB DEFAULT CHARSET=utf8mb4 COLLATE=utf8mb4_general_ci;

--
-- Dumping data for table `casts`
--

INSERT INTO `casts` (`id`, `movieId`, `userId`, `name`, `url`, `characterName`, `dateCreated`, `dateUpdated`) VALUES
(1, 1075536, 1, 'Azi Acosta', 'https://image.tmdb.org/t/p/w500//aB5zZ1O0O7GZPCki7wQv6PxHEMo.jpg', 'Eba', '2024-12-07 02:45:42', '0000-00-00 00:00:00'),
(2, 1075536, 1, 'Jiad Arroyo', 'https://image.tmdb.org/t/p/w500//hxWU7q0zjJdOfBgC2Za44KOVDPV.jpg', 'Max', '2024-12-07 02:45:42', '0000-00-00 00:00:00'),
(3, 1075536, 1, 'John Rhey Flores', 'https://image.tmdb.org/t/p/w500//xLbvWy3HlA8SeRN1IGxMzdYXNCc.jpg', 'Adan', '2024-12-07 02:45:42', '0000-00-00 00:00:00'),
(4, 1075536, 1, 'Gwen Garci', 'https://image.tmdb.org/t/p/w500//8ul2ti0wMAEPty5Gmc3QVXdUJWt.jpg', 'Mommy Girlie', '2024-12-07 02:45:42', '0000-00-00 00:00:00'),
(5, 1075536, 1, 'Alona Navarro', 'https://image.tmdb.org/t/p/w500//8snI6fyBfMxcRC7g9D5GzlxH7Zk.jpg', 'Marga', '2024-12-07 02:45:42', '0000-00-00 00:00:00'),
(6, 1075536, 1, 'Yda Manzano', 'https://image.tmdb.org/t/p/w500//9ZZbVcCl8U3GqnqHeBREsAilpNh.jpg', 'Eba\'s mother', '2024-12-07 02:45:42', '0000-00-00 00:00:00'),
(7, 1075536, 1, 'Sheila Snow', 'https://image.tmdb.org/t/p/w500//2uXJg8hO9PI0jm9aIlbj7FyIR2u.jpg', 'Tessa', '2024-12-07 02:45:43', '0000-00-00 00:00:00'),
(8, 1075536, 1, 'Soliman Cruz', 'https://image.tmdb.org/t/p/w500//5igDe67ZaDCqwmDguv42W9PFtRR.jpg', 'D.O.M.', '2024-12-07 02:45:43', '0000-00-00 00:00:00'),
(9, 1075536, 1, 'Chad Kinis', 'https://image.tmdb.org/t/p/w500//wnOAUPRyhlALUl2afH24qmoFe8d.jpg', 'Gay Bar Manager', '2024-12-07 02:45:43', '0000-00-00 00:00:00'),
(10, 1075536, 1, 'Alexa Ocampo', 'https://image.tmdb.org/t/p/w500//2vJTpXRiYbzCeEHoCvLMf2IEUeD.jpg', 'Leng', '2024-12-07 02:45:43', '0000-00-00 00:00:00'),
(11, 1041898, 1, 'Azi Acosta', 'https://image.tmdb.org/t/p/w500//aB5zZ1O0O7GZPCki7wQv6PxHEMo.jpg', 'Lineth', '2024-12-07 02:46:26', '0000-00-00 00:00:00'),
(12, 1041898, 1, 'Mark Anthony Fernandez', 'https://image.tmdb.org/t/p/w500//wJUZQyd2FUdj1A18Q0KVk7MkDqp.jpg', 'Rod', '2024-12-07 02:46:26', '0000-00-00 00:00:00'),
(13, 1041898, 1, 'Shirley Fuentes', 'https://image.tmdb.org/t/p/w500//xaZTa7qn8NBGrZwWxVk4pFl3R2z.jpg', 'Chang', '2024-12-07 02:46:26', '0000-00-00 00:00:00'),
(14, 1041898, 1, 'Shiena Yu', 'https://image.tmdb.org/t/p/w500//k3cJcK0bco3paIvtwPYkr61u1AM.jpg', 'Shiony', '2024-12-07 02:46:26', '0000-00-00 00:00:00'),
(15, 1041898, 1, 'Felix Roco', 'https://image.tmdb.org/t/p/w500//dR8GNxkHxA2r5QTn1vPIHxO0ZEg.jpg', 'Toto', '2024-12-07 02:46:26', '0000-00-00 00:00:00'),
(16, 1041898, 1, 'Julio Diaz', 'https://image.tmdb.org/t/p/w500//4ZsTf2VoV1R9NpN5zjMQMhWIHiO.jpg', 'Captain Ramos', '2024-12-07 02:46:26', '0000-00-00 00:00:00'),
(17, 1041898, 1, 'Alvaro Oteyza', 'https://image.tmdb.org/t/p/w500//3ezRtlnmaBb8kL983yc34r8ChCI.jpg', 'Security Sanchez', '2024-12-07 02:46:27', '0000-00-00 00:00:00'),
(18, 1041898, 1, 'Erlinda Villalobos', 'https://image.tmdb.org/t/p/w500//3NzvzXQfVX0o64MJRKyC61TIEUI.jpg', 'Lola', '2024-12-07 02:46:27', '0000-00-00 00:00:00'),
(19, 1041898, 1, 'Rash Flores', 'https://image.tmdb.org/t/p/w500//2Dax8oWjedXgUdtQUqaKLrzay8P.jpg', 'Chief Mercado', '2024-12-07 02:46:27', '0000-00-00 00:00:00'),
(20, 1041898, 1, 'Richard Solano', 'https://image.tmdb.org/t/p/w500//ubJHVAx8wGYifEyWxQN2rs0oTcp.jpg', 'Security Cardidad', '2024-12-07 02:46:27', '0000-00-00 00:00:00'),
(21, 1041898, 1, 'Apple Castro', 'https://image.tmdb.org/t/p/w500//pPcC2eWVFNfFub0K0UTu3CswEcX.jpg', 'Sexy Girl 1', '2024-12-07 02:46:27', '0000-00-00 00:00:00'),
(22, 1041898, 1, 'Joana David', 'https://image.tmdb.org/t/p/w500//2sXzLu6XXaFGKJkE0B8ztz7Y279.jpg', 'Sexy Girl 2', '2024-12-07 02:46:27', '0000-00-00 00:00:00'),
(23, 1041898, 1, 'Vino Gonzales', '/static/media/NO CAST.785b987ac247c2305956.jpg', 'Security', '2024-12-07 02:46:27', '0000-00-00 00:00:00'),
(24, 1041898, 1, 'Maria Denice Valeda', 'https://image.tmdb.org/t/p/w500//2im0WE48A48MErCbsMwzode9Go7.jpg', 'Margie', '2024-12-07 02:46:27', '0000-00-00 00:00:00'),
(25, 1041898, 1, 'Renz Robin Herza', 'https://image.tmdb.org/t/p/w500//zu9qZw8yApNG8KuzpJEglEf7NPu.jpg', 'Ale', '2024-12-07 02:46:27', '0000-00-00 00:00:00'),
(26, 1041898, 1, 'Kyle Fermindoza', '/static/media/NO CAST.785b987ac247c2305956.jpg', 'Tiyuhin', '2024-12-07 02:46:27', '0000-00-00 00:00:00'),
(27, 1041898, 1, 'Vic Romano', '/static/media/NO CAST.785b987ac247c2305956.jpg', 'Police (uncredited)', '2024-12-07 02:46:27', '0000-00-00 00:00:00'),
(28, 1082206, 1, 'Angeli Khang', 'https://image.tmdb.org/t/p/w500//7vrTWF8PxQogF6o9ORZprYQoDOr.jpg', 'Kate', '2024-12-07 02:47:00', '0000-00-00 00:00:00'),
(29, 1082206, 1, 'Jela Cuenca', 'https://image.tmdb.org/t/p/w500//dXtd7fqbPIgpWYDJsU33YL9k58j.jpg', 'Nina', '2024-12-07 02:47:00', '0000-00-00 00:00:00'),
(30, 1082206, 1, 'Amor Lapus', 'https://image.tmdb.org/t/p/w500//x9BI2rJ84BucYEKNvhWmo8o3q6u.jpg', 'Round Girl / Online Girl', '2024-12-07 02:47:01', '0000-00-00 00:00:00'),
(31, 1082206, 1, 'Azi Acosta', 'https://image.tmdb.org/t/p/w500//aB5zZ1O0O7GZPCki7wQv6PxHEMo.jpg', 'Jessy', '2024-12-07 02:47:01', '0000-00-00 00:00:00'),
(32, 1082206, 1, 'Kiko Estrada', 'https://image.tmdb.org/t/p/w500//jOADi4TozelU1jkx5IYJhFjLBLK.jpg', 'Pip', '2024-12-07 02:47:01', '0000-00-00 00:00:00'),
(33, 1082206, 1, 'Chesca Paredes', 'https://image.tmdb.org/t/p/w500//tXxbEVGoYPKA4Drzk5cT09hpiiq.jpg', 'Bar Sexy Girl', '2024-12-07 02:47:01', '0000-00-00 00:00:00'),
(34, 1082206, 1, 'Nor Domingo', 'https://image.tmdb.org/t/p/w500//eEvhKln2hL05WP5qBYxxMPsqPTT.jpg', 'Pablito', '2024-12-07 02:47:01', '0000-00-00 00:00:00'),
(35, 1082206, 1, 'Benz Sangalang', 'https://image.tmdb.org/t/p/w500//9sEDlH32QXpvTmMXNszLlWFgEGu.jpg', 'Anjo', '2024-12-07 02:47:01', '0000-00-00 00:00:00'),
(36, 1082206, 1, 'Lou Veloso', 'https://image.tmdb.org/t/p/w500//xbdznhvmP60iwIF7Bsh3ZM4Lwx3.jpg', 'Tito Gani', '2024-12-07 02:47:01', '0000-00-00 00:00:00'),
(37, 1082206, 1, 'Aiko Garcia', 'https://image.tmdb.org/t/p/w500//jZkiB3Db7kipQzmukIEAudlGFNN.jpg', 'Online Girl 2', '2024-12-07 02:47:01', '0000-00-00 00:00:00'),
(38, 1082206, 1, 'Apple Castro', 'https://image.tmdb.org/t/p/w500//pPcC2eWVFNfFub0K0UTu3CswEcX.jpg', 'Online Girl 2', '2024-12-07 02:47:01', '0000-00-00 00:00:00'),
(39, 1082206, 1, 'Audrey Avila', 'https://image.tmdb.org/t/p/w500//3HCKgdrv1AkzbyxvGxyTSb2yh4Z.jpg', 'Round Girl (uncredited)', '2024-12-07 02:47:01', '0000-00-00 00:00:00'),
(40, 1082206, 1, 'Sahil Khan', 'https://image.tmdb.org/t/p/w500//AnLVLGKVfCbKQ9NyT5ofMP75hvC.jpg', 'Rich Gambler (uncredited)', '2024-12-07 02:47:01', '0000-00-00 00:00:00'),
(41, 1196656, 1, 'Azi Acosta', 'https://image.tmdb.org/t/p/w500//aB5zZ1O0O7GZPCki7wQv6PxHEMo.jpg', 'Jennifer', '2024-12-07 02:47:39', '0000-00-00 00:00:00'),
(42, 1196656, 1, 'Robb Guinto', 'https://image.tmdb.org/t/p/w500//raZt6SwyqxdpuMvBwnnrvvNaazq.jpg', 'Rica', '2024-12-07 02:47:39', '0000-00-00 00:00:00'),
(43, 1196656, 1, 'Ralmon Mendoza', 'https://image.tmdb.org/t/p/w500//l2aZRiDr47x5R4lSYLviulw9u41.jpg', 'Spencer', '2024-12-07 02:47:39', '0000-00-00 00:00:00'),
(44, 1196656, 1, 'Jeffrey Hidalgo', 'https://image.tmdb.org/t/p/w500//yS2UGRDy16w3r0LV46SjWi1DHEO.jpg', 'Mr. Santos', '2024-12-07 02:47:39', '0000-00-00 00:00:00'),
(45, 1196656, 1, 'Josef Elizalde', 'https://image.tmdb.org/t/p/w500//20QKuHaZoSrvGQvwBLgtudak1pJ.jpg', 'Eric', '2024-12-07 02:47:39', '0000-00-00 00:00:00'),
(46, 1196656, 1, 'Kian Co', '/static/media/NO CAST.785b987ac247c2305956.jpg', 'Alex', '2024-12-07 02:47:39', '0000-00-00 00:00:00'),
(47, 1196656, 1, 'Archie Adamos', 'https://image.tmdb.org/t/p/w500//p6Ix8lZJHy5SASjQ4cqbDyrI1HG.jpg', 'Manuel', '2024-12-07 02:47:39', '0000-00-00 00:00:00'),
(48, 1196656, 1, 'Shiena Yu', 'https://image.tmdb.org/t/p/w500//k3cJcK0bco3paIvtwPYkr61u1AM.jpg', 'Ava Sugar Baby', '2024-12-07 02:47:39', '0000-00-00 00:00:00'),
(49, 1196656, 1, 'Zsara Tiblani', 'https://image.tmdb.org/t/p/w500//8RDZljygvtXwvge27n00I1YxJvk.jpg', 'Mara', '2024-12-07 02:47:39', '0000-00-00 00:00:00'),
(50, 1196656, 1, 'Mia Cruz', 'https://image.tmdb.org/t/p/w500//qAsLLEofrdQYZ5i1jjxmeHHPrDb.jpg', 'Mia Sugar Baby', '2024-12-07 02:47:39', '0000-00-00 00:00:00'),
(51, 1196656, 1, 'Aina Ashley Roque', 'https://image.tmdb.org/t/p/w500//uIjtxbtiVncGbdhSmnMPtjn9UPA.jpg', 'Nurse 1', '2024-12-07 02:47:39', '0000-00-00 00:00:00'),
(52, 1196656, 1, 'Sahil Khan', 'https://image.tmdb.org/t/p/w500//AnLVLGKVfCbKQ9NyT5ofMP75hvC.jpg', 'Tony', '2024-12-07 02:47:39', '0000-00-00 00:00:00'),
(53, 1196656, 1, 'Mianne Agualada', 'https://image.tmdb.org/t/p/w500//wJKOWmoZMgEoh96yWKuJ3AQ4XJS.jpg', 'Doctor 2', '2024-12-07 02:47:39', '0000-00-00 00:00:00'),
(54, 565156, 1, 'Jourdanne Castillo', 'https://image.tmdb.org/t/p/w500//cNLpR33Oq4G0nyhwcGJuRm5ku6O.jpg', 'Group of Holdapers', '2024-12-07 04:51:49', '0000-00-00 00:00:00'),
(55, 299536, 25, 'Robert Downey Jr.', 'https://image.tmdb.org/t/p/w500//5qHNjhtjMD4YWH3UP0rm4tKwxCL.jpg', 'Tony Stark / Iron Man', '2024-12-07 05:38:01', '0000-00-00 00:00:00'),
(56, 299536, 25, 'Chris Evans', 'https://image.tmdb.org/t/p/w500//3bOGNsHlrswhyW79uvIHH1V43JI.jpg', 'Steve Rogers / Captain America', '2024-12-07 05:38:02', '0000-00-00 00:00:00'),
(57, 299536, 25, 'Mark Ruffalo', 'https://image.tmdb.org/t/p/w500//5GilHMOt5PAQh6rlUKZzGmaKEI7.jpg', 'Bruce Banner / Hulk', '2024-12-07 05:38:02', '0000-00-00 00:00:00'),
(58, 299536, 25, 'Josh Brolin', 'https://image.tmdb.org/t/p/w500//sX2etBbIkxRaCsATyw5ZpOVMPTD.jpg', 'Thanos', '2024-12-07 05:38:02', '0000-00-00 00:00:00'),
(59, 299536, 25, 'Scarlett Johansson', 'https://image.tmdb.org/t/p/w500//6NsMbJXRlDZuDzatN2akFdGuTvx.jpg', 'Natasha Romanoff / Black Widow', '2024-12-07 05:38:02', '0000-00-00 00:00:00'),
(60, 299536, 25, 'Chris Hemsworth', 'https://image.tmdb.org/t/p/w500//piQGdoIQOF3C1EI5cbYZLAW1gfj.jpg', 'Thor', '2024-12-07 05:38:02', '0000-00-00 00:00:00'),
(61, 299536, 25, 'Don Cheadle', 'https://image.tmdb.org/t/p/w500//oZ1u1GmudvUGpbMfi9Hxonzp3lF.jpg', 'James Rhodes / War Machine', '2024-12-07 05:38:02', '0000-00-00 00:00:00'),
(62, 299536, 25, 'Zoe Saldaña', 'https://image.tmdb.org/t/p/w500//soM8hJnJ6ibEIYmxtb4Iaqo1JWw.jpg', 'Gamora', '2024-12-07 05:38:02', '0000-00-00 00:00:00'),
(63, 299536, 25, 'Tom Holland', 'https://image.tmdb.org/t/p/w500//1d67to0U8bx5jhWTanVx37k6Nd0.jpg', 'Peter Parker / Spider-Man', '2024-12-07 05:38:02', '0000-00-00 00:00:00'),
(64, 299536, 25, 'Chadwick Boseman', 'https://image.tmdb.org/t/p/w500//nL16SKfyP1b7Hk6LsuWiqMfbdb8.jpg', 'T\'Challa / Black Panther', '2024-12-07 05:38:02', '0000-00-00 00:00:00'),
(65, 299536, 25, 'Benedict Cumberbatch', 'https://image.tmdb.org/t/p/w500//fBEucxECxGLKVHBznO0qHtCGiMO.jpg', 'Doctor Strange', '2024-12-07 05:38:02', '0000-00-00 00:00:00'),
(66, 299536, 25, 'Karen Gillan', 'https://image.tmdb.org/t/p/w500//kFLXcFdok3ShDxylr3WNreQphQm.jpg', 'Nebula', '2024-12-07 05:38:02', '0000-00-00 00:00:00'),
(67, 299536, 25, 'Tom Hiddleston', 'https://image.tmdb.org/t/p/w500//mclHxMm8aPlCPKptP67257F5GPo.jpg', 'Loki', '2024-12-07 05:38:02', '0000-00-00 00:00:00'),
(68, 299536, 25, 'Paul Bettany', 'https://image.tmdb.org/t/p/w500//oNrDowF5cRtK5lJJuCAh0KeFizy.jpg', 'Vision', '2024-12-07 05:38:02', '0000-00-00 00:00:00'),
(69, 299536, 25, 'Sebastian Stan', 'https://image.tmdb.org/t/p/w500//nKZgixTbHFXpkzzIpMFdLX98GYh.jpg', 'Bucky Barnes / Winter Soldier', '2024-12-07 05:38:02', '0000-00-00 00:00:00'),
(70, 299536, 25, 'Elizabeth Olsen', 'https://image.tmdb.org/t/p/w500//mbMsmQE5CyMVTIGMGCw2XpcPCOc.jpg', 'Wanda Maximoff / Scarlet Witch', '2024-12-07 05:38:02', '0000-00-00 00:00:00'),
(71, 299536, 25, 'Anthony Mackie', 'https://image.tmdb.org/t/p/w500//kDKaBf5GJuK42N9zKeftokcbMap.jpg', 'Sam Wilson / Falcon', '2024-12-07 05:38:02', '0000-00-00 00:00:00'),
(72, 299536, 25, 'Danai Gurira', 'https://image.tmdb.org/t/p/w500//z7H7QeQvr24vskGlANQhG43vozQ.jpg', 'Okoye', '2024-12-07 05:38:02', '0000-00-00 00:00:00'),
(73, 299536, 25, 'Idris Elba', 'https://image.tmdb.org/t/p/w500//be1bVF7qGX91a6c5WeRPs5pKXln.jpg', 'Heimdall', '2024-12-07 05:38:02', '0000-00-00 00:00:00'),
(74, 299536, 25, 'Peter Dinklage', 'https://image.tmdb.org/t/p/w500//9CAd7wr8QZyIN0E7nm8v1B6WkGn.jpg', 'Eitri', '2024-12-07 05:38:03', '0000-00-00 00:00:00'),
(75, 299536, 25, 'Pom Klementieff', 'https://image.tmdb.org/t/p/w500//hfUKAI2kXTMMWjno0i4sLPJud5N.jpg', 'Mantis', '2024-12-07 05:38:03', '0000-00-00 00:00:00'),
(76, 299536, 25, 'Benedict Wong', 'https://image.tmdb.org/t/p/w500//yYfLyrC2CE6vBWSJfkpuVKL2POM.jpg', 'Wong', '2024-12-07 05:38:03', '0000-00-00 00:00:00'),
(77, 299536, 25, 'Dave Bautista', 'https://image.tmdb.org/t/p/w500//snk6JiXOOoRjPtHU5VMoy6qbd32.jpg', 'Drax', '2024-12-07 05:38:03', '0000-00-00 00:00:00'),
(78, 299536, 25, 'Bradley Cooper', 'https://image.tmdb.org/t/p/w500//fNc2ophIkZD5AqMyPsDnfM1yi5C.jpg', 'Rocket (voice)', '2024-12-07 05:38:03', '0000-00-00 00:00:00'),
(79, 299536, 25, 'Vin Diesel', 'https://image.tmdb.org/t/p/w500//nZdVry7lnUkE24PnXakok9okvL4.jpg', 'Groot (voice)', '2024-12-07 05:38:03', '0000-00-00 00:00:00'),
(80, 299536, 25, 'Chris Pratt', 'https://image.tmdb.org/t/p/w500//6DdoTgW9jdJwDmVFZRP8D0AtVFs.jpg', 'Peter Quill / Star-Lord', '2024-12-07 05:38:03', '0000-00-00 00:00:00'),
(81, 299536, 25, 'Gwyneth Paltrow', 'https://image.tmdb.org/t/p/w500//kvk2UXWO45pQWlbErtotK3npHNP.jpg', 'Pepper Potts', '2024-12-07 05:38:03', '0000-00-00 00:00:00'),
(82, 299536, 25, 'Sean Gunn', 'https://image.tmdb.org/t/p/w500//upccFtrr7BMkXCs0tOZ6oqkdMJn.jpg', 'On-Set Rocket', '2024-12-07 05:38:03', '0000-00-00 00:00:00'),
(83, 299536, 25, 'Benicio del Toro', 'https://image.tmdb.org/t/p/w500//d6zTLhei9FguyAP9P0VVs6KJWQr.jpg', 'The Collector', '2024-12-07 05:38:03', '0000-00-00 00:00:00'),
(84, 299536, 25, 'William Hurt', 'https://image.tmdb.org/t/p/w500//j3mjmuHLBW4XQSw53C8Sh0Lh3ZQ.jpg', 'Secretary of State Thaddeus Ross', '2024-12-07 05:38:03', '0000-00-00 00:00:00'),
(85, 299536, 25, 'Letitia Wright', 'https://image.tmdb.org/t/p/w500//f7PevpEeBqwzACPhoZ8K3ktrKvE.jpg', 'Shuri', '2024-12-07 05:38:03', '0000-00-00 00:00:00'),
(86, 299536, 25, 'Tom Vaughan-Lawlor', 'https://image.tmdb.org/t/p/w500//uYUhoGHNpGW1UEmzo5qgIOuQWnM.jpg', 'Ebony Maw', '2024-12-07 05:38:03', '0000-00-00 00:00:00'),
(87, 299536, 25, 'Michael James Shaw', 'https://image.tmdb.org/t/p/w500//djaWcSCBpXBV2wirtH4YX6t0YqT.jpg', 'Corvus Glaive', '2024-12-07 05:38:03', '0000-00-00 00:00:00'),
(88, 299536, 25, 'Terry Notary', 'https://image.tmdb.org/t/p/w500//nYs1Sd11czZNwcDyUYdHPwHHIRO.jpg', 'Cull Obsidian / On-Set Groot', '2024-12-07 05:38:03', '0000-00-00 00:00:00'),
(89, 299536, 25, 'Carrie Coon', 'https://image.tmdb.org/t/p/w500//vWChiHhXFjZVKC6HbACyyRFmdW4.jpg', 'Proxima Midnight (voice)', '2024-12-07 05:38:03', '0000-00-00 00:00:00'),
(90, 299536, 25, 'Stan Lee', 'https://image.tmdb.org/t/p/w500//kKeyWoFtTqOPsbmwylNHmuB3En9.jpg', 'Bus Driver', '2024-12-07 05:38:03', '0000-00-00 00:00:00'),
(91, 299536, 25, 'Winston Duke', 'https://image.tmdb.org/t/p/w500//pqwok07EgGGTCa80kmGQmb8ut8M.jpg', 'M\'Baku', '2024-12-07 05:38:03', '0000-00-00 00:00:00'),
(92, 299536, 25, 'Monique Ganderton', 'https://image.tmdb.org/t/p/w500//kBhk7VQr42ge3g5iuLXsbpgWeIa.jpg', 'On-Set Proxima Midnight', '2024-12-07 05:38:04', '0000-00-00 00:00:00'),
(93, 299536, 25, 'Jacob Batalon', 'https://image.tmdb.org/t/p/w500//53YhaL4xw4Sb1ssoHkeSSBaO29c.jpg', 'Ned', '2024-12-07 05:38:04', '0000-00-00 00:00:00'),
(94, 299536, 25, 'Kerry Condon', 'https://image.tmdb.org/t/p/w500//5sUJoph3b9qwOUXhCss7meBjE49.jpg', 'Friday (voice)', '2024-12-07 05:38:04', '0000-00-00 00:00:00'),
(95, 299536, 25, 'Tiffany Espensen', 'https://image.tmdb.org/t/p/w500//srxz35x7Xxe7JxHeHzX0cRNF3ON.jpg', 'Cindy', '2024-12-07 05:38:04', '0000-00-00 00:00:00'),
(96, 299536, 25, 'Florence Kasumba', 'https://image.tmdb.org/t/p/w500//v7armAbV6haib0fTl6ZktTUMRmg.jpg', 'Ayo', '2024-12-07 05:38:04', '0000-00-00 00:00:00'),
(97, 299536, 25, 'Isabella Amara', 'https://image.tmdb.org/t/p/w500//hz2uP4Qjucj5my9rLc0FO9aWV2E.jpg', 'Sally', '2024-12-07 05:38:04', '0000-00-00 00:00:00'),
(98, 299536, 25, 'Ariana Greenblatt', 'https://image.tmdb.org/t/p/w500//13C3kq7HlJMKLQMghADha5EYqt4.jpg', 'Young Gamora', '2024-12-07 05:38:04', '0000-00-00 00:00:00'),
(99, 299536, 25, 'Ross Marquand', 'https://image.tmdb.org/t/p/w500//2CxkVPimin0c2v7fUK3MGjgEnLt.jpg', 'Red Skull (Stonekeeper)', '2024-12-07 05:38:04', '0000-00-00 00:00:00'),
(100, 299536, 25, 'Ameenah Kaplan', 'https://image.tmdb.org/t/p/w500//kECeBrZmUeuo2vbMY86ars99WvV.jpg', 'Gamora\'s Mother', '2024-12-07 05:38:04', '0000-00-00 00:00:00'),
(101, 299536, 25, 'Stephen McFeely', 'https://image.tmdb.org/t/p/w500//i9B6gFzExPsh5IEjD2nn4ym4lx2.jpg', 'Secretary Ross\' Aide', '2024-12-07 05:38:04', '0000-00-00 00:00:00'),
(102, 299536, 25, 'Michael Anthony Rogers', '/static/media/NO CAST.785b987ac247c2305956.jpg', 'Secretary Ross\' Aide', '2024-12-07 05:38:04', '0000-00-00 00:00:00'),
(103, 299536, 25, 'Ethan Dizon', 'https://image.tmdb.org/t/p/w500//2Zqioe3D9Yb4B8dMUcea6Cy6aoQ.jpg', 'Tiny', '2024-12-07 05:38:04', '0000-00-00 00:00:00'),
(104, 299536, 25, 'Olaniyan Thurmon', 'https://image.tmdb.org/t/p/w500//nqM6mo5SPh5TXgXfO5reNIByQ4W.jpg', 'Teenage Groot Reader', '2024-12-07 05:38:04', '0000-00-00 00:00:00'),
(105, 299536, 25, 'Robert Pralgo', 'https://image.tmdb.org/t/p/w500//lF2UcQemojihJM4XlLGkWEEsJuJ.jpg', 'Thanos Reader', '2024-12-07 05:38:04', '0000-00-00 00:00:00'),
(106, 299536, 25, 'Aaron Lazar', 'https://image.tmdb.org/t/p/w500//87xfF3QmQtYtlENybOvFL3bfMcr.jpg', 'Doctor Strange Double', '2024-12-07 05:38:04', '0000-00-00 00:00:00'),
(107, 299536, 25, 'Blair Jasin', 'https://image.tmdb.org/t/p/w500//fKghwt3sd8BSlZNJ93RLRl0kSYH.jpg', 'Street Pedestrian #1', '2024-12-07 05:38:04', '0000-00-00 00:00:00'),
(108, 299536, 25, 'Matthew Zuk', 'https://image.tmdb.org/t/p/w500//jifQz74EU8qsigSgNZR2u2SDhek.jpg', 'Street Pedestrian #2', '2024-12-07 05:38:04', '0000-00-00 00:00:00'),
(109, 299536, 25, 'Laura Miller', 'https://image.tmdb.org/t/p/w500//4Zm3EXy2LMJhtkr6lYsq5XZGtbn.jpg', 'Scottish News (STV) Reporter', '2024-12-07 05:38:04', '0000-00-00 00:00:00'),
(110, 299536, 25, 'Kenneth Branagh', 'https://image.tmdb.org/t/p/w500//AbCqqFxNi5w3nDUFdQt0DGMFh5H.jpg', 'Asgardian Distress Call (voice) (uncredited)', '2024-12-07 05:38:05', '0000-00-00 00:00:00'),
(111, 299536, 25, 'Cobie Smulders', 'https://image.tmdb.org/t/p/w500//klOl0L9mSV74DRgVRgaY7pUnVXm.jpg', 'Maria Hill (uncredited)', '2024-12-07 05:38:05', '0000-00-00 00:00:00'),
(112, 299536, 25, 'Samuel L. Jackson', 'https://image.tmdb.org/t/p/w500//AiAYAqwpM5xmiFrAIeQvUXDCVvo.jpg', 'Nick Fury (uncredited)', '2024-12-07 05:38:05', '0000-00-00 00:00:00'),
(113, 299536, 25, 'Marija Abney', 'https://image.tmdb.org/t/p/w500//t7hF4WRqEDMksYPSNRx3fxEN6GY.jpg', 'Dora Milaje (uncredited)', '2024-12-07 05:38:05', '0000-00-00 00:00:00'),
(114, 299536, 25, 'Harrison Osterfield', 'https://image.tmdb.org/t/p/w500//G6yKGtIVqN7CcrXCe3jRQszUKj.jpg', 'Boy on Bus (uncredited)', '2024-12-07 05:38:05', '0000-00-00 00:00:00'),
(115, 299536, 25, 'Gary Peebles', 'https://image.tmdb.org/t/p/w500//mSjrV4nWtAWxmFG61zJIsHtbMld.jpg', 'Kingsguard (uncredited)', '2024-12-07 05:38:05', '0000-00-00 00:00:00'),
(116, 299536, 25, 'Marie Mouroum', 'https://image.tmdb.org/t/p/w500//42kktBafPgWXvkrRHVqEglutj1p.jpg', 'Dora Milaje (uncredited)', '2024-12-07 05:38:05', '0000-00-00 00:00:00'),
(117, 299536, 25, 'Zola Williams', 'https://image.tmdb.org/t/p/w500//j1eJLQQbrfG4EZRFIgNuSsH6A8D.jpg', 'Dora Milaje (uncredited)', '2024-12-07 05:38:05', '0000-00-00 00:00:00'),
(118, 299536, 25, 'Precious Jenkins', 'https://image.tmdb.org/t/p/w500//cL2keIUG314r7Ju0kzEI44SlK8p.jpg', 'Border Tribe Warrior (uncredited)', '2024-12-07 05:38:05', '0000-00-00 00:00:00'),
(119, 299536, 25, 'Bobby James', 'https://image.tmdb.org/t/p/w500//jwt4Kivpg5MTfaOlm6pYxGzl8aC.jpg', 'Border Tribe Warrior (uncredited)', '2024-12-07 05:38:05', '0000-00-00 00:00:00'),
(120, 299536, 25, 'Lady Cardinal', 'https://image.tmdb.org/t/p/w500//qjJEYEGeNFtnilS4iweOy4ckt1a.jpg', 'Street Pedestrian #3 (uncredited)', '2024-12-07 05:38:05', '0000-00-00 00:00:00'),
(121, 299536, 25, 'James Siderits', 'https://image.tmdb.org/t/p/w500//aFafHQ8w3AalIeejJ0E9JBt4qGv.jpg', 'NYC Pedestrian (uncredited)', '2024-12-07 05:38:05', '0000-00-00 00:00:00'),
(122, 299536, 25, 'Tanya Wheelock', 'https://image.tmdb.org/t/p/w500//dBeJ1hsc49YpLjQbmhi201btaB6.jpg', 'Washington Square Park Waitress (uncredited)', '2024-12-07 05:38:05', '0000-00-00 00:00:00'),
(123, 533535, 25, 'Ryan Reynolds', 'https://image.tmdb.org/t/p/w500//6m3hkkHmKkD4MUJhng7ojE7MLKC.jpg', 'Wade Wilson / Deadpool / Nicepool', '2024-12-07 05:38:46', '0000-00-00 00:00:00'),
(124, 533535, 25, 'Emma Corrin', 'https://image.tmdb.org/t/p/w500//wqGOVOsHzZaHeHymIS40elGCnY0.jpg', 'Cassandra Nova', '2024-12-07 05:38:46', '0000-00-00 00:00:00'),
(125, 533535, 25, 'Dafne Keen', 'https://image.tmdb.org/t/p/w500//g325OIjIHrFr0te8ewPfhKQ2SKj.jpg', 'Laura / X-23', '2024-12-07 05:38:46', '0000-00-00 00:00:00'),
(126, 533535, 25, 'Jon Favreau', 'https://image.tmdb.org/t/p/w500//tnx7iMVydPQXGOoLsxXl84PXtbA.jpg', 'Happy Hogan', '2024-12-07 05:38:46', '0000-00-00 00:00:00'),
(127, 533535, 25, 'Hugh Jackman', 'https://image.tmdb.org/t/p/w500//4Xujtewxqt6aU0Y81tsS9gkjizk.jpg', 'Logan / Wolverine', '2024-12-07 05:38:46', '0000-00-00 00:00:00'),
(128, 533535, 25, 'Morena Baccarin', 'https://image.tmdb.org/t/p/w500//w7azo5rPMzcJE8uyEtu9hiqeliV.jpg', 'Vanessa', '2024-12-07 05:38:46', '0000-00-00 00:00:00'),
(129, 533535, 25, 'Matthew Macfadyen', 'https://image.tmdb.org/t/p/w500//2FF3Yjxd7DYR4EIJL6s2GpKDMkJ.jpg', 'Mr. Paradox', '2024-12-07 05:38:46', '0000-00-00 00:00:00'),
(130, 533535, 25, 'Jennifer Garner', 'https://image.tmdb.org/t/p/w500//ftymEXqdTnXfaI6dGd9qrJoFOSE.jpg', 'Elektra', '2024-12-07 05:38:46', '0000-00-00 00:00:00'),
(131, 533535, 25, 'Rob Delaney', 'https://image.tmdb.org/t/p/w500//xirfT1znRkkughLiPemKu3NhkKQ.jpg', 'Peter', '2024-12-07 05:38:46', '0000-00-00 00:00:00'),
(132, 533535, 25, 'Leslie Uggams', 'https://image.tmdb.org/t/p/w500//peLaqLcs3y2WY4TbrLOXQGt9I8S.jpg', 'Blind Al', '2024-12-07 05:38:46', '0000-00-00 00:00:00'),
(133, 533535, 25, 'Channing Tatum', 'https://image.tmdb.org/t/p/w500//4TpgnS6l8YUXSne9Av9nda6mjxY.jpg', 'Gambit', '2024-12-07 05:38:46', '0000-00-00 00:00:00'),
(134, 533535, 25, 'Chris Evans', 'https://image.tmdb.org/t/p/w500//3bOGNsHlrswhyW79uvIHH1V43JI.jpg', 'Johnny Storm', '2024-12-07 05:38:46', '0000-00-00 00:00:00'),
(135, 533535, 25, 'Wesley Snipes', 'https://image.tmdb.org/t/p/w500//81D6oJ81kiQ5xnEHhaHrY29ntdO.jpg', 'Blade', '2024-12-07 05:38:46', '0000-00-00 00:00:00'),
(136, 533535, 25, 'Wunmi Mosaku', 'https://image.tmdb.org/t/p/w500//mWDsVCo9sBcekrsjUTsoCFLhtYt.jpg', 'B-15', '2024-12-07 05:38:47', '0000-00-00 00:00:00'),
(137, 533535, 25, 'Henry Cavill', 'https://image.tmdb.org/t/p/w500//iWdKjMry5Pt7vmxU7bmOQsIUyHa.jpg', 'The Cavillrine', '2024-12-07 05:38:47', '0000-00-00 00:00:00'),
(138, 533535, 25, 'Aaron Stanford', 'https://image.tmdb.org/t/p/w500//xt2c0vdTb6UmSFq6fl09iCcIFve.jpg', 'Pyro', '2024-12-07 05:38:47', '0000-00-00 00:00:00'),
(139, 533535, 25, 'Brianna Hildebrand', 'https://image.tmdb.org/t/p/w500//u2TItYs1hm8Wp0a8OQLde4nLjey.jpg', 'Negasonic Teenage Warhead', '2024-12-07 05:38:47', '0000-00-00 00:00:00'),
(140, 533535, 25, 'Karan Soni', 'https://image.tmdb.org/t/p/w500//t3eNrzRKy3wTVCUiEp002UXbjxX.jpg', 'Dopinder', '2024-12-07 05:38:47', '0000-00-00 00:00:00'),
(141, 533535, 25, 'Tyler Mane', 'https://image.tmdb.org/t/p/w500//h5knoBWStVv7a0FKPwfKV7f7Ez1.jpg', 'Sabretooth', '2024-12-07 05:38:47', '0000-00-00 00:00:00'),
(142, 533535, 25, 'Randal Reeder', 'https://image.tmdb.org/t/p/w500//eJfW7w36Vl8dEnN9T2dnlkUReWG.jpg', 'Buck', '2024-12-07 05:38:47', '0000-00-00 00:00:00'),
(143, 533535, 25, 'Stefan Kapičić', 'https://image.tmdb.org/t/p/w500//6qHO7ckiyjLNOmW0v5RZj1MpLBj.jpg', 'Colossus (voice)', '2024-12-07 05:38:47', '0000-00-00 00:00:00'),
(144, 533535, 25, 'Shioli Kutsuna', 'https://image.tmdb.org/t/p/w500//5EdMbcRIemzLszjEr36Ic0Obmdb.jpg', 'Yukio', '2024-12-07 05:38:47', '0000-00-00 00:00:00'),
(145, 533535, 25, 'Lewis Tan', 'https://image.tmdb.org/t/p/w500//ik347wakcZRfULiLbjGJpRcqSQz.jpg', 'Shatterstar', '2024-12-07 05:38:47', '0000-00-00 00:00:00'),
(146, 533535, 25, 'Nick Pauley', 'https://image.tmdb.org/t/p/w500//9cJGBxmPiZ21C71DueJLDOuPc5c.jpg', 'Dancepool', '2024-12-07 05:38:47', '0000-00-00 00:00:00'),
(147, 533535, 25, 'Sonita Henry', 'https://image.tmdb.org/t/p/w500//oIBILFSVqHT2warKlXSPDML3llI.jpg', 'Mrs. Chipman', '2024-12-07 05:38:47', '0000-00-00 00:00:00'),
(148, 533535, 25, 'Ryan McKen', 'https://image.tmdb.org/t/p/w500//lGVReBLi74MCxaCBr2KBx1zTiWV.jpg', 'Mr. Chipman', '2024-12-07 05:38:47', '0000-00-00 00:00:00'),
(149, 533535, 25, 'Nanak Phlora', 'https://image.tmdb.org/t/p/w500//xaRRJYU4nu5JiTWVjrG02Ehg33T.jpg', 'Elliot Chipman', '2024-12-07 05:38:47', '0000-00-00 00:00:00'),
(150, 533535, 25, 'Aydin Ahmed', 'https://image.tmdb.org/t/p/w500//wAvCizcwtr8rxfDSoDlIvINFQj2.jpg', 'Kevin Chipman', '2024-12-07 05:38:47', '0000-00-00 00:00:00'),
(151, 533535, 25, 'James Dryden', 'https://image.tmdb.org/t/p/w500//1Z3CjM13uhOlt6dUyHaewkBjUcO.jpg', 'TVA Tech', '2024-12-07 05:38:47', '0000-00-00 00:00:00'),
(152, 533535, 25, 'Leemore Marrett Jr.', 'https://image.tmdb.org/t/p/w500//lrr8xbevZFfCMixuSPnUjwO2Oqa.jpg', 'Minuteman Leader', '2024-12-07 05:38:47', '0000-00-00 00:00:00'),
(153, 533535, 25, 'Ollie Palmer', 'https://image.tmdb.org/t/p/w500//kICsR18nsLMjxMrIWjJKtOsAkJj.jpg', 'Bar Patron', '2024-12-07 05:38:47', '0000-00-00 00:00:00'),
(154, 533535, 25, 'Greg Hemphill', 'https://image.tmdb.org/t/p/w500//juE0ZmdUbxfMBhtOz9LBV8MiLKH.jpg', 'Seedy Bartender', '2024-12-07 05:38:48', '0000-00-00 00:00:00'),
(155, 533535, 25, 'Mike Waters', '/static/media/NO CAST.785b987ac247c2305956.jpg', 'Blob', '2024-12-07 05:38:48', '0000-00-00 00:00:00'),
(156, 533535, 25, 'Aaron W Reed', 'https://image.tmdb.org/t/p/w500//e9dW9ezNxeGEu8MnQ1NTOz3PM93.jpg', 'Juggernaut', '2024-12-07 05:38:48', '0000-00-00 00:00:00'),
(157, 533535, 25, 'James Reynolds', '/static/media/NO CAST.785b987ac247c2305956.jpg', 'Screaming Mutant (voice)', '2024-12-07 05:38:48', '0000-00-00 00:00:00'),
(158, 533535, 25, 'Rob McElhenney', 'https://image.tmdb.org/t/p/w500//gcep3ItyxaZ3ljH1IS6Lfkm8IAs.jpg', 'TVA Soldier', '2024-12-07 05:38:48', '0000-00-00 00:00:00'),
(159, 533535, 25, 'Ed Kear', 'https://image.tmdb.org/t/p/w500//jB1QY1DSN253bbtz51MHXEBj9O8.jpg', 'Outpost Tech', '2024-12-07 05:38:48', '0000-00-00 00:00:00'),
(160, 533535, 25, 'Inez Reynolds', 'https://image.tmdb.org/t/p/w500//5LLlPfq78KnOGlMFGlcyDSKunRG.jpg', 'Kidpool (voice)', '2024-12-07 05:38:48', '0000-00-00 00:00:00'),
(161, 533535, 25, 'Paul G. Raymond', 'https://image.tmdb.org/t/p/w500//28pPNcmHZuH4XM4eUHoFGZF6LGA.jpg', 'TVA Office Agent', '2024-12-07 05:38:48', '0000-00-00 00:00:00'),
(162, 533535, 25, 'Blake Lively', 'https://image.tmdb.org/t/p/w500//rkGVjd6wImtgjOCi0IpeffdEWtb.jpg', 'Ladypool (voice)', '2024-12-07 05:38:48', '0000-00-00 00:00:00'),
(163, 533535, 25, 'Nathan Fillion', 'https://image.tmdb.org/t/p/w500//6arEYF9gD9mqjwGXv1QfqmLw445.jpg', 'Headpool (voice)', '2024-12-07 05:38:48', '0000-00-00 00:00:00'),
(164, 533535, 25, 'Matthew McConaughey', 'https://image.tmdb.org/t/p/w500//rUxLWWCDUF8RnDaocSqrVDJ2MS1.jpg', 'Cowboypool (voice)', '2024-12-07 05:38:48', '0000-00-00 00:00:00'),
(165, 533535, 25, 'OIin Reynolds', '/static/media/NO CAST.785b987ac247c2305956.jpg', 'Babypool (voice)', '2024-12-07 05:38:48', '0000-00-00 00:00:00'),
(166, 533535, 25, 'Alex Kyshkovych', 'https://image.tmdb.org/t/p/w500//nyy5o659Z1LfLl9ckRT1FiNop4U.jpg', 'Canadapool', '2024-12-07 05:38:48', '0000-00-00 00:00:00'),
(167, 533535, 25, 'Paul Mullin', 'https://image.tmdb.org/t/p/w500//bZZ4wvdMJtt6aPUSQAAY4G7mzbe.jpg', 'Welshpool', '2024-12-07 05:38:48', '0000-00-00 00:00:00'),
(168, 533535, 25, 'Daniel Medina Ramos', 'https://image.tmdb.org/t/p/w500//3ZmlKGTlBF09ZxmoOH9lB1xdsf2.jpg', 'Toad (uncredited)', '2024-12-07 05:38:48', '0000-00-00 00:00:00'),
(169, 533535, 25, 'Billy Clements', 'https://image.tmdb.org/t/p/w500//nipJ22DXJBsdM1teQodwop42U6S.jpg', 'Russian (uncredited)', '2024-12-07 05:38:48', '0000-00-00 00:00:00'),
(170, 533535, 25, 'Jade Lye', 'https://image.tmdb.org/t/p/w500//4r1zrh8Wf32W74fltUn37Uz2FfV.jpg', 'Lady Deathstrike (uncredited)', '2024-12-07 05:38:48', '0000-00-00 00:00:00'),
(171, 533535, 25, 'Chris Hemsworth', 'https://image.tmdb.org/t/p/w500//piQGdoIQOF3C1EI5cbYZLAW1gfj.jpg', 'Thor Odinson (archive footage) (uncredited)', '2024-12-07 05:38:48', '0000-00-00 00:00:00'),
(172, 533535, 25, 'Eduardo Gago Muñoz', 'https://image.tmdb.org/t/p/w500//r9DaaOfiACoUX7Ezs63K8DZrpHI.jpg', 'Azazel (uncredited)', '2024-12-07 05:38:49', '0000-00-00 00:00:00'),
(173, 533535, 25, 'Nilly Cetin', 'https://image.tmdb.org/t/p/w500//vLKWIjSztXEHUOMFolVudij4jbs.jpg', 'Quill (uncredited)', '2024-12-07 05:38:49', '0000-00-00 00:00:00'),
(174, 533535, 25, 'Jessica Walker', 'https://image.tmdb.org/t/p/w500//5fZ41rVpPKI5VpBFt2dBRcOaHtL.jpg', 'Arclight (uncredited)', '2024-12-07 05:38:49', '0000-00-00 00:00:00'),
(175, 533535, 25, 'Curtis Rowland Small', 'https://image.tmdb.org/t/p/w500//lgAOeihmiZ2CdKWpa35BxpBeSiK.jpg', 'Bullseye (uncredited)', '2024-12-07 05:38:49', '0000-00-00 00:00:00'),
(176, 533535, 25, 'Ayesha Hussain', 'https://image.tmdb.org/t/p/w500//7bChdeG2k7GoAf8nG12p05Ssrbe.jpg', 'Psylocke (uncredited)', '2024-12-07 05:38:49', '0000-00-00 00:00:00'),
(177, 533535, 25, 'Chloe Kibble', 'https://image.tmdb.org/t/p/w500//6jgp3IJenhe9R1cdV25gfzlSDpy.jpg', 'Callisto (uncredited)', '2024-12-07 05:38:49', '0000-00-00 00:00:00'),
(178, 533535, 25, 'Kevin Fortin', 'https://image.tmdb.org/t/p/w500//bRBUOhX9Oc0A2nNARsP4jkoDzva.jpg', 'Zenpool (uncredited)', '2024-12-07 05:38:49', '0000-00-00 00:00:00'),
(179, 533535, 25, 'Harry Holland', 'https://image.tmdb.org/t/p/w500//8gsfzGUySLLaT0GCzuWxAfLWOWS.jpg', 'Haroldpool (uncredited)', '2024-12-07 05:38:49', '0000-00-00 00:00:00');

-- --------------------------------------------------------

--
-- Table structure for table `movies`
--

CREATE TABLE `movies` (
  `id` int(11) NOT NULL,
  `userId` int(11) NOT NULL,
  `tmdbId` int(11) NOT NULL,
  `title` varchar(255) NOT NULL,
  `overview` text NOT NULL,
  `popularity` float NOT NULL,
  `releaseDate` date NOT NULL,
  `voteAverage` float NOT NULL,
  `backdropPath` varchar(255) NOT NULL,
  `posterPath` varchar(255) NOT NULL,
  `isFeatured` tinyint(1) NOT NULL DEFAULT 0,
  `dateCreated` timestamp NOT NULL DEFAULT current_timestamp(),
  `dateUpdated` timestamp NOT NULL DEFAULT '0000-00-00 00:00:00'
) ENGINE=InnoDB DEFAULT CHARSET=utf8mb4 COLLATE=utf8mb4_general_ci;

--
-- Dumping data for table `movies`
--

INSERT INTO `movies` (`id`, `userId`, `tmdbId`, `title`, `overview`, `popularity`, `releaseDate`, `voteAverage`, `backdropPath`, `posterPath`, `isFeatured`, `dateCreated`, `dateUpdated`) VALUES
(1, 1, 1075536, 'Suki', 'A lady stripper and a gigolo promised each other that their work can\'t break them apart. But when lust and temptation come into the picture, they begin to question their vow.', 26.678, '2023-02-24', 3.3, 'https://image.tmdb.org/t/p/original//1lat0QYutfuLxvLg7prCWHSxYZt.jpg', 'https://image.tmdb.org/t/p/original//7bfDD4mtWYrExQuWDfUiY7JZ3hk.jpg', 1, '2024-12-07 02:45:35', '0000-00-00 00:00:00'),
(2, 1, 1041898, 'Pamasahe', 'A penniless mother, with her infant child, takes on a journey by land and sea to find her husband in Manila. But this trip won\'t be free for she has to use her body to get to her destination.', 8.436, '2022-12-09', 6.1, 'https://image.tmdb.org/t/p/original//i7pZrEkDs7LecD6KVFREniPkY6I.jpg', 'https://image.tmdb.org/t/p/original//r132GuHMQ5UhuMa3nwu6jbyJxmJ.jpg', 1, '2024-12-07 02:46:16', '0000-00-00 00:00:00'),
(3, 1, 1082206, 'Balik Taya', 'Pip meets Jessy in Thailand. When she becomes missing, he looks for her. He then meets Kate, a woman from a gambling site owned by Nina. And he is one step closer to finding Jessy.', 11.712, '2023-03-31', 3.4, 'https://image.tmdb.org/t/p/original//ronGDEf0rKt5vVUupwfWonh2x0D.jpg', 'https://image.tmdb.org/t/p/original//hePn0MhSSwXHHStuD7LNc5NQ485.jpg', 1, '2024-12-07 02:46:53', '0000-00-00 00:00:00'),
(4, 1, 1196656, 'Sugar Baby', 'Two high school friends turned sugar babies, who sacrifice everything for each other. Until love gets in the way', 17.463, '2023-11-24', 4, 'https://image.tmdb.org/t/p/original//uGGpudSxvPitRE6z85Gv5AL3BQf.jpg', 'https://image.tmdb.org/t/p/original//g9MaTZCsGGXjqF87I8XiFHp8Kby.jpg', 1, '2024-12-07 02:47:32', '0000-00-00 00:00:00'),
(5, 1, 1241982, 'Moana 2', 'After receiving an unexpected call from her wayfinding ancestors, Moana journeys alongside Maui and a new crew to the far seas of Oceania and into dangerous, long-lost waters for an adventure unlike anything she\'s ever faced.', 100.23, '2024-11-27', 6.9, 'https://image.tmdb.org/t/p/original//tElnmtQ6yz1PjN1kePNl8yMSb59.jpg', 'https://image.tmdb.org/t/p/original//yh64qw9mgXBvlaWDi7Q9tpUBAvH.jpg', 1, '2024-12-07 03:45:10', '2024-12-07 03:45:56'),
(6, 1, 565156, 'Ang Pangarap Kong Holdap', 'A bumbling crew of friends aspires to be known as the town\'s best thieves but plotting their first big heist seems more difficult than pulling it off.', 0.584, '2018-11-28', 4.6, 'https://image.tmdb.org/t/p/original//trNNNvexln1oQPESc7QQJNLA5pz.jpg', 'https://image.tmdb.org/t/p/original//AherdijhNWqxJNRpmGFJsFxrq59.jpg', 1, '2024-12-07 04:51:42', '0000-00-00 00:00:00'),
(7, 25, 299536, 'Avengers: Infinity War', 'As the Avengers and their allies have continued to protect the world from threats too large for any one hero to handle, a new danger has emerged from the cosmic shadows: Thanos. A despot of intergalactic infamy, his goal is to collect all six Infinity Stones, artifacts of unimaginable power, and use them to inflict his twisted will on all of reality. Everything the Avengers have fought for has led up to this moment - the fate of Earth and existence itself has never been more uncertain.', 182.712, '2018-04-25', 8.243, 'https://image.tmdb.org/t/p/original//mDfJG3LC3Dqb67AZ52x3Z0jU0uB.jpg', 'https://image.tmdb.org/t/p/original//7WsyChQLEftFiDOVTGkv3hFpyyt.jpg', 1, '2024-12-07 05:37:56', '0000-00-00 00:00:00'),
(8, 25, 533535, 'Deadpool & Wolverine', 'A listless Wade Wilson toils away in civilian life with his days as the morally flexible mercenary, Deadpool, behind him. But when his homeworld faces an existential threat, Wade must reluctantly suit-up again with an even more reluctant Wolverine.', 850.496, '2024-07-24', 7.678, 'https://image.tmdb.org/t/p/original//dvBCdCohwWbsP5qAaglOXagDMtk.jpg', 'https://image.tmdb.org/t/p/original//8cdWjvZQUExUUTzyp4t6EDMubfO.jpg', 1, '2024-12-07 05:38:33', '0000-00-00 00:00:00');

-- --------------------------------------------------------

--
-- Table structure for table `photos`
--

CREATE TABLE `photos` (
  `id` int(11) NOT NULL,
  `userId` int(11) NOT NULL,
  `movieId` int(11) NOT NULL,
  `url` varchar(255) NOT NULL,
  `description` text NOT NULL,
  `dateCreated` timestamp NOT NULL DEFAULT current_timestamp(),
  `dateUpdated` timestamp NOT NULL DEFAULT '0000-00-00 00:00:00'
) ENGINE=InnoDB DEFAULT CHARSET=utf8mb4 COLLATE=utf8mb4_general_ci;

--
-- Dumping data for table `photos`
--

INSERT INTO `photos` (`id`, `userId`, `movieId`, `url`, `description`, `dateCreated`, `dateUpdated`) VALUES
(1, 1, 1075536, 'https://image.tmdb.org/t/p/w500//7BYhj1bx06UOBATIJhNgT5ZBbb6.jpg', 'Photos', '2024-12-07 02:45:49', '0000-00-00 00:00:00'),
(2, 1, 1075536, 'https://image.tmdb.org/t/p/w500//1lat0QYutfuLxvLg7prCWHSxYZt.jpg', 'Photos', '2024-12-07 02:45:49', '0000-00-00 00:00:00'),
(3, 1, 1075536, 'https://image.tmdb.org/t/p/w500//gQxZANTMVzcw4pX1HDFqYqTNuMe.jpg', 'Photos', '2024-12-07 02:45:49', '0000-00-00 00:00:00'),
(4, 1, 1041898, 'https://image.tmdb.org/t/p/w500//i7pZrEkDs7LecD6KVFREniPkY6I.jpg', 'Photos', '2024-12-07 02:46:33', '0000-00-00 00:00:00'),
(5, 1, 1041898, 'https://image.tmdb.org/t/p/w500//2xbuun5NQ1exyvDhxJyXPX2GBsw.jpg', 'Photos', '2024-12-07 02:46:33', '0000-00-00 00:00:00'),
(6, 1, 1041898, 'https://image.tmdb.org/t/p/w500//oVWJKbA85709sX6AFq4osAmRBSj.jpg', 'Photos', '2024-12-07 02:46:33', '0000-00-00 00:00:00'),
(7, 1, 1041898, 'https://image.tmdb.org/t/p/w500//iAoYwU8TrScdendLkcE7OpI7E7A.jpg', 'Photos', '2024-12-07 02:46:33', '0000-00-00 00:00:00'),
(8, 1, 1082206, 'https://image.tmdb.org/t/p/w500//9xKchZoN5Oysw00331zMwR84Ctt.jpg', 'Photos', '2024-12-07 02:47:07', '0000-00-00 00:00:00'),
(9, 1, 1082206, 'https://image.tmdb.org/t/p/w500//fFVRfmDOaAlTVWrVCyCEMUNc7YU.jpg', 'Photos', '2024-12-07 02:47:07', '0000-00-00 00:00:00'),
(10, 1, 1082206, 'https://image.tmdb.org/t/p/w500//ronGDEf0rKt5vVUupwfWonh2x0D.jpg', 'Photos', '2024-12-07 02:47:07', '0000-00-00 00:00:00'),
(11, 1, 1196656, 'https://image.tmdb.org/t/p/w500//uGGpudSxvPitRE6z85Gv5AL3BQf.jpg', 'Photos', '2024-12-07 02:47:45', '0000-00-00 00:00:00'),
(12, 1, 1196656, 'https://image.tmdb.org/t/p/w500//1GqPOBkMQ1FIIg4QoejxNFA1LSV.jpg', 'Photos', '2024-12-07 02:47:45', '0000-00-00 00:00:00'),
(13, 1, 1196656, 'https://image.tmdb.org/t/p/w500//sxU3NOY2FSTqEeDWqiAk8oNkEFO.jpg', 'Photos', '2024-12-07 02:47:45', '0000-00-00 00:00:00'),
(14, 1, 565156, 'https://image.tmdb.org/t/p/w500//trNNNvexln1oQPESc7QQJNLA5pz.jpg', 'Photos', '2024-12-07 04:52:26', '0000-00-00 00:00:00'),
(15, 25, 299536, 'https://image.tmdb.org/t/p/w500//nMnsSfNqMRJ5KujWMOnCS82Xklz.jpg', 'Photos', '2024-12-07 05:38:10', '0000-00-00 00:00:00'),
(16, 25, 299536, 'https://image.tmdb.org/t/p/w500//hH9L70yQJQNYosBKb1oX6ggrRoh.jpg', 'Photos', '2024-12-07 05:38:10', '0000-00-00 00:00:00'),
(17, 25, 299536, 'https://image.tmdb.org/t/p/w500//vdRUFLMMAay3RcD3MC4r8PeaAcR.jpg', 'Photos', '2024-12-07 05:38:10', '0000-00-00 00:00:00'),
(18, 25, 299536, 'https://image.tmdb.org/t/p/w500//odmM7QtethJokb33LNTjZKxglvY.jpg', 'Photos', '2024-12-07 05:38:10', '0000-00-00 00:00:00'),
(19, 25, 299536, 'https://image.tmdb.org/t/p/w500//icUSGFn22cP2BQ0tXCIsykWVCQ.jpg', 'Photos', '2024-12-07 05:38:10', '0000-00-00 00:00:00'),
(20, 25, 299536, 'https://image.tmdb.org/t/p/w500//mDfJG3LC3Dqb67AZ52x3Z0jU0uB.jpg', 'Photos', '2024-12-07 05:38:10', '0000-00-00 00:00:00'),
(21, 25, 299536, 'https://image.tmdb.org/t/p/w500//sbpTzyKkBedre1CjExJMNawEbHB.jpg', 'Photos', '2024-12-07 05:38:10', '0000-00-00 00:00:00'),
(22, 25, 299536, 'https://image.tmdb.org/t/p/w500//bOGkgRGdhrBYJSLpXaxhXVstddV.jpg', 'Photos', '2024-12-07 05:38:10', '0000-00-00 00:00:00'),
(23, 25, 299536, 'https://image.tmdb.org/t/p/w500//u0HMjdWu82jm70TiGkdVKSJp2Fc.jpg', 'Photos', '2024-12-07 05:38:10', '0000-00-00 00:00:00'),
(24, 25, 299536, 'https://image.tmdb.org/t/p/w500//sRyhy6ajoIRGGUVAxLKtsiNbMs8.jpg', 'Photos', '2024-12-07 05:38:10', '0000-00-00 00:00:00'),
(25, 25, 299536, 'https://image.tmdb.org/t/p/w500//lmZFxXgJE3vgrciwuDib0N8CfQo.jpg', 'Photos', '2024-12-07 05:38:10', '0000-00-00 00:00:00'),
(26, 25, 299536, 'https://image.tmdb.org/t/p/w500//4vu5gYiOIIHM3nzrqWvlXGk9qWL.jpg', 'Photos', '2024-12-07 05:38:10', '0000-00-00 00:00:00'),
(27, 25, 299536, 'https://image.tmdb.org/t/p/w500//6dj9AbVvPTC1ilK1HxZ3TbnRwJt.jpg', 'Photos', '2024-12-07 05:38:11', '0000-00-00 00:00:00'),
(28, 25, 299536, 'https://image.tmdb.org/t/p/w500//395bdCgBG2bdGCz4JuOFRlYFwYX.jpg', 'Photos', '2024-12-07 05:38:11', '0000-00-00 00:00:00'),
(29, 25, 299536, 'https://image.tmdb.org/t/p/w500//b3XV61VdIV26VGTY7dncn9szOko.jpg', 'Photos', '2024-12-07 05:38:11', '0000-00-00 00:00:00'),
(30, 25, 299536, 'https://image.tmdb.org/t/p/w500//cFlWlFJEtYdFQn868NR88UagpQq.jpg', 'Photos', '2024-12-07 05:38:11', '0000-00-00 00:00:00'),
(31, 25, 299536, 'https://image.tmdb.org/t/p/w500//k3xGG77CAiB0Wr2Y1H3ApihKTkk.jpg', 'Photos', '2024-12-07 05:38:11', '0000-00-00 00:00:00'),
(32, 25, 299536, 'https://image.tmdb.org/t/p/w500//kbGO5mHPK7rh516MgAIJUQ9RvqD.jpg', 'Photos', '2024-12-07 05:38:11', '0000-00-00 00:00:00'),
(33, 25, 299536, 'https://image.tmdb.org/t/p/w500//rWhHKYNeLyfolLk9PGFOeyVGuoB.jpg', 'Photos', '2024-12-07 05:38:11', '0000-00-00 00:00:00'),
(34, 25, 299536, 'https://image.tmdb.org/t/p/w500//z75yuSzbDUPyx380GPa0g6IdaOn.jpg', 'Photos', '2024-12-07 05:38:11', '0000-00-00 00:00:00'),
(35, 25, 299536, 'https://image.tmdb.org/t/p/w500//4J2W2NZfI8HNhfNNTd99uGqaTb.jpg', 'Photos', '2024-12-07 05:38:11', '0000-00-00 00:00:00'),
(36, 25, 299536, 'https://image.tmdb.org/t/p/w500//6hKxQVUSO5TUda47lpYYtT060gx.jpg', 'Photos', '2024-12-07 05:38:11', '0000-00-00 00:00:00'),
(37, 25, 299536, 'https://image.tmdb.org/t/p/w500//zJSH6Pjlqz36B6tjVf22uk1jDGv.jpg', 'Photos', '2024-12-07 05:38:11', '0000-00-00 00:00:00'),
(38, 25, 299536, 'https://image.tmdb.org/t/p/w500//xmgAsda5sPNpx5ghJibJ80S7Pfx.jpg', 'Photos', '2024-12-07 05:38:11', '0000-00-00 00:00:00'),
(39, 25, 299536, 'https://image.tmdb.org/t/p/w500//i0N7Sdn07xgcWeT03G0H47s37Mz.jpg', 'Photos', '2024-12-07 05:38:11', '0000-00-00 00:00:00'),
(40, 25, 299536, 'https://image.tmdb.org/t/p/w500//rN0wowaVWXjjNpahm5tBn3OiM61.jpg', 'Photos', '2024-12-07 05:38:11', '0000-00-00 00:00:00'),
(41, 25, 299536, 'https://image.tmdb.org/t/p/w500//lrStVAOVWUFBsQ4xj1LCjIhYTci.jpg', 'Photos', '2024-12-07 05:38:11', '0000-00-00 00:00:00'),
(42, 25, 299536, 'https://image.tmdb.org/t/p/w500//8ubpqBDefJKOYfXaZ5IfEfBBdOR.jpg', 'Photos', '2024-12-07 05:38:11', '0000-00-00 00:00:00'),
(43, 25, 299536, 'https://image.tmdb.org/t/p/w500//5sZYbDSnDYZW5eDxlHzHwoC5W61.jpg', 'Photos', '2024-12-07 05:38:11', '0000-00-00 00:00:00'),
(44, 25, 299536, 'https://image.tmdb.org/t/p/w500//8elF67OY4skxC4MfdxxBGd2NemM.jpg', 'Photos', '2024-12-07 05:38:11', '0000-00-00 00:00:00'),
(45, 25, 299536, 'https://image.tmdb.org/t/p/w500//vskKsqM02t75biRZPSOoN90ju5G.jpg', 'Photos', '2024-12-07 05:38:12', '0000-00-00 00:00:00'),
(46, 25, 299536, 'https://image.tmdb.org/t/p/w500//oxtMjQxxtbqvFsPWhn0VWV9UdWg.jpg', 'Photos', '2024-12-07 05:38:12', '0000-00-00 00:00:00'),
(47, 25, 299536, 'https://image.tmdb.org/t/p/w500//7y0no8k0XzHXJzA6jr90rEkyqMN.jpg', 'Photos', '2024-12-07 05:38:12', '0000-00-00 00:00:00'),
(48, 25, 299536, 'https://image.tmdb.org/t/p/w500//zVS90oHE4hS9YkURL6EeRnYYR4L.jpg', 'Photos', '2024-12-07 05:38:12', '0000-00-00 00:00:00'),
(49, 25, 299536, 'https://image.tmdb.org/t/p/w500//va2aKZ7BkZRfG23ytNGAJstQJgR.jpg', 'Photos', '2024-12-07 05:38:12', '0000-00-00 00:00:00'),
(50, 25, 299536, 'https://image.tmdb.org/t/p/w500//9uXgTnmImAI0w2ZDxVy5kVesUfs.jpg', 'Photos', '2024-12-07 05:38:12', '0000-00-00 00:00:00'),
(51, 25, 299536, 'https://image.tmdb.org/t/p/w500//4nPOB7ji8SlPzxHAUhE2r3dVPqz.jpg', 'Photos', '2024-12-07 05:38:12', '0000-00-00 00:00:00'),
(52, 25, 299536, 'https://image.tmdb.org/t/p/w500//xQLeN4cdLqw9aJhuVXHx4CHcUWS.jpg', 'Photos', '2024-12-07 05:38:12', '0000-00-00 00:00:00'),
(53, 25, 299536, 'https://image.tmdb.org/t/p/w500//d0DBEDYng6gSJRu3EVgQuQYeiB.jpg', 'Photos', '2024-12-07 05:38:12', '0000-00-00 00:00:00'),
(54, 25, 299536, 'https://image.tmdb.org/t/p/w500//a9OmuXLiyjdb1YiBrWeiaxJYyYI.jpg', 'Photos', '2024-12-07 05:38:12', '0000-00-00 00:00:00'),
(55, 25, 299536, 'https://image.tmdb.org/t/p/w500//cmm3gBwIc61uPW0cqy5rdAZR7xZ.jpg', 'Photos', '2024-12-07 05:38:12', '0000-00-00 00:00:00'),
(56, 25, 299536, 'https://image.tmdb.org/t/p/w500//o4IvhLyyyAXjgr0HahH38kpOaja.jpg', 'Photos', '2024-12-07 05:38:12', '0000-00-00 00:00:00'),
(57, 25, 299536, 'https://image.tmdb.org/t/p/w500//eXueYQllTCwyxO9bXBCRc2pAYwr.jpg', 'Photos', '2024-12-07 05:38:12', '0000-00-00 00:00:00'),
(58, 25, 299536, 'https://image.tmdb.org/t/p/w500//fjzjVPGJoHDIiK6cFvebcmhxDA7.jpg', 'Photos', '2024-12-07 05:38:12', '0000-00-00 00:00:00'),
(59, 25, 299536, 'https://image.tmdb.org/t/p/w500//uwUyqV23JAdTkR3lOGdCZ6NP9wg.jpg', 'Photos', '2024-12-07 05:38:12', '0000-00-00 00:00:00'),
(60, 25, 299536, 'https://image.tmdb.org/t/p/w500//3AGDj2IzzQGeivvOgJ8xZGgJawV.jpg', 'Photos', '2024-12-07 05:38:12', '0000-00-00 00:00:00'),
(61, 25, 299536, 'https://image.tmdb.org/t/p/w500//dcvxAMmqJ8fKcrOnvpPhYIlrW69.jpg', 'Photos', '2024-12-07 05:38:12', '0000-00-00 00:00:00'),
(62, 25, 299536, 'https://image.tmdb.org/t/p/w500//2fS2lC1QUhaXdwIRfGa0j9ceNgL.jpg', 'Photos', '2024-12-07 05:38:12', '0000-00-00 00:00:00'),
(63, 25, 299536, 'https://image.tmdb.org/t/p/w500//8sV93B6is3crQ7CFhAWwlqyEB5C.jpg', 'Photos', '2024-12-07 05:38:13', '0000-00-00 00:00:00'),
(64, 25, 299536, 'https://image.tmdb.org/t/p/w500//itSPvOwrQB41h0rGR8YHwquffuf.jpg', 'Photos', '2024-12-07 05:38:13', '0000-00-00 00:00:00'),
(65, 25, 299536, 'https://image.tmdb.org/t/p/w500//l7kcMLg75qQfUTeM2CUniJogNjW.jpg', 'Photos', '2024-12-07 05:38:13', '0000-00-00 00:00:00'),
(66, 25, 299536, 'https://image.tmdb.org/t/p/w500//yAi8oKV5HE1qCTWQyl6EDXyImTU.jpg', 'Photos', '2024-12-07 05:38:13', '0000-00-00 00:00:00'),
(67, 25, 299536, 'https://image.tmdb.org/t/p/w500//wWwocFodRqwuoPRNxmD5LQUHRyD.jpg', 'Photos', '2024-12-07 05:38:13', '0000-00-00 00:00:00'),
(68, 25, 299536, 'https://image.tmdb.org/t/p/w500//2eVKyH2rQ6LxP3U5DBZiAsqQyMy.jpg', 'Photos', '2024-12-07 05:38:13', '0000-00-00 00:00:00'),
(69, 25, 299536, 'https://image.tmdb.org/t/p/w500//be35YUapZGUksrW3X25QLmHJjqC.jpg', 'Photos', '2024-12-07 05:38:13', '0000-00-00 00:00:00'),
(70, 25, 299536, 'https://image.tmdb.org/t/p/w500//zXSxl1knwOoaVnGgmCKNvbnvReO.jpg', 'Photos', '2024-12-07 05:38:13', '0000-00-00 00:00:00'),
(71, 25, 299536, 'https://image.tmdb.org/t/p/w500//wf6fH1YQIHNzkBvMM6WoAv6ZT8e.jpg', 'Photos', '2024-12-07 05:38:13', '0000-00-00 00:00:00'),
(72, 25, 299536, 'https://image.tmdb.org/t/p/w500//nbMjnGSBHML8EhYgUwtS2JRTTga.jpg', 'Photos', '2024-12-07 05:38:13', '0000-00-00 00:00:00'),
(73, 25, 299536, 'https://image.tmdb.org/t/p/w500//kVuiSnwvpSF04C1PtzMCX07MaxY.jpg', 'Photos', '2024-12-07 05:38:13', '0000-00-00 00:00:00'),
(74, 25, 299536, 'https://image.tmdb.org/t/p/w500//9UlOSnjnDdJ3G2FirAaz8Hqd8cc.jpg', 'Photos', '2024-12-07 05:38:13', '0000-00-00 00:00:00'),
(75, 25, 299536, 'https://image.tmdb.org/t/p/w500//gODXgzpz9wYzalc32kpdb1Ny0HU.jpg', 'Photos', '2024-12-07 05:38:13', '0000-00-00 00:00:00'),
(76, 25, 299536, 'https://image.tmdb.org/t/p/w500//nUKnunPVJPLBeGd7hSAEjwpIJKc.jpg', 'Photos', '2024-12-07 05:38:13', '0000-00-00 00:00:00'),
(77, 25, 299536, 'https://image.tmdb.org/t/p/w500//3fJyJWCc4nHYEycd9y2b9iNuEIZ.jpg', 'Photos', '2024-12-07 05:38:13', '0000-00-00 00:00:00'),
(78, 25, 299536, 'https://image.tmdb.org/t/p/w500//3zvdUJHTXEOGrn0sFC2kWUczeCX.jpg', 'Photos', '2024-12-07 05:38:13', '0000-00-00 00:00:00'),
(79, 25, 299536, 'https://image.tmdb.org/t/p/w500//AgMT2A4VzPtyxtzN44HD8rH0slo.jpg', 'Photos', '2024-12-07 05:38:13', '0000-00-00 00:00:00'),
(80, 25, 299536, 'https://image.tmdb.org/t/p/w500//hPBwdealVjWGyGqO81P2ih3USHQ.jpg', 'Photos', '2024-12-07 05:38:13', '0000-00-00 00:00:00'),
(81, 25, 299536, 'https://image.tmdb.org/t/p/w500//VLUl0kZc06EPAY5rdjD8tZHHCI.jpg', 'Photos', '2024-12-07 05:38:13', '0000-00-00 00:00:00'),
(82, 25, 299536, 'https://image.tmdb.org/t/p/w500//elrEhhsTPDXhabH2zUqqySQY0zA.jpg', 'Photos', '2024-12-07 05:38:14', '0000-00-00 00:00:00'),
(83, 25, 299536, 'https://image.tmdb.org/t/p/w500//wrRIntxEDifcqqZ0yc80ehHqTXz.jpg', 'Photos', '2024-12-07 05:38:14', '0000-00-00 00:00:00'),
(84, 25, 299536, 'https://image.tmdb.org/t/p/w500//w1d1IG7qDTRKfaT2obcte8twQTB.jpg', 'Photos', '2024-12-07 05:38:14', '0000-00-00 00:00:00'),
(85, 25, 299536, 'https://image.tmdb.org/t/p/w500//p6UV6leqNAc4NVRkRYCN98FxWgN.jpg', 'Photos', '2024-12-07 05:38:14', '0000-00-00 00:00:00'),
(86, 25, 299536, 'https://image.tmdb.org/t/p/w500//j3OjLcOpDsGF3j6f8Myyra5Bq62.jpg', 'Photos', '2024-12-07 05:38:14', '0000-00-00 00:00:00'),
(87, 25, 299536, 'https://image.tmdb.org/t/p/w500//gYbXpW1LH8aWQhV0fdpOgwdixAE.jpg', 'Photos', '2024-12-07 05:38:14', '0000-00-00 00:00:00'),
(88, 25, 299536, 'https://image.tmdb.org/t/p/w500//zRUzB24p7qL32rgZH7gTP6Wu1eg.jpg', 'Photos', '2024-12-07 05:38:14', '0000-00-00 00:00:00'),
(89, 25, 299536, 'https://image.tmdb.org/t/p/w500//cONRicd58vZAqvy8owF2o8KSqx0.jpg', 'Photos', '2024-12-07 05:38:14', '0000-00-00 00:00:00'),
(90, 25, 299536, 'https://image.tmdb.org/t/p/w500//z57vFRuuG78L2zedGgL4fnK1gjd.jpg', 'Photos', '2024-12-07 05:38:14', '0000-00-00 00:00:00'),
(91, 25, 299536, 'https://image.tmdb.org/t/p/w500//vELXsiMfGv9UNJdl9x1BFVf16ue.jpg', 'Photos', '2024-12-07 05:38:14', '0000-00-00 00:00:00'),
(92, 25, 299536, 'https://image.tmdb.org/t/p/w500//3T44aieuucKd3M7MJ1GCefIBo4n.jpg', 'Photos', '2024-12-07 05:38:14', '0000-00-00 00:00:00'),
(93, 25, 299536, 'https://image.tmdb.org/t/p/w500//yGoz3wV3quqgG6KLj0QPWPAeiwh.jpg', 'Photos', '2024-12-07 05:38:14', '0000-00-00 00:00:00'),
(94, 25, 299536, 'https://image.tmdb.org/t/p/w500//566hWfsfyR9zQF0nY3oBUtghfKb.jpg', 'Photos', '2024-12-07 05:38:14', '0000-00-00 00:00:00'),
(95, 25, 299536, 'https://image.tmdb.org/t/p/w500//5nJvwOZKyTkvEKwmBl9mbwkF9fk.jpg', 'Photos', '2024-12-07 05:38:14', '0000-00-00 00:00:00'),
(96, 25, 299536, 'https://image.tmdb.org/t/p/w500//jPl3z13FnADQUnxSF8B5iQSGw1t.jpg', 'Photos', '2024-12-07 05:38:14', '0000-00-00 00:00:00'),
(97, 25, 299536, 'https://image.tmdb.org/t/p/w500//x3AMcqw0SqceTH19IXXVjO0usuT.jpg', 'Photos', '2024-12-07 05:38:14', '0000-00-00 00:00:00'),
(98, 25, 299536, 'https://image.tmdb.org/t/p/w500//zCVhb6MImKwTDGKDYJyBCXkon8h.jpg', 'Photos', '2024-12-07 05:38:14', '0000-00-00 00:00:00'),
(99, 25, 533535, 'https://image.tmdb.org/t/p/w500//yDHYTfA3R0jFYba16jBB1ef8oIt.jpg', 'Photos', '2024-12-07 05:38:53', '0000-00-00 00:00:00'),
(100, 25, 533535, 'https://image.tmdb.org/t/p/w500//wNa8cZp4fjF5Fa1oE5HhF6Km7kK.jpg', 'Photos', '2024-12-07 05:38:53', '0000-00-00 00:00:00'),
(101, 25, 533535, 'https://image.tmdb.org/t/p/w500//9l1eZiJHmhr5jIlthMdJN5WYoff.jpg', 'Photos', '2024-12-07 05:38:53', '0000-00-00 00:00:00'),
(102, 25, 533535, 'https://image.tmdb.org/t/p/w500//dvBCdCohwWbsP5qAaglOXagDMtk.jpg', 'Photos', '2024-12-07 05:38:53', '0000-00-00 00:00:00'),
(103, 25, 533535, 'https://image.tmdb.org/t/p/w500//6amNYUYvoKsZbg8vE00Yzt9Xn7H.jpg', 'Photos', '2024-12-07 05:38:53', '0000-00-00 00:00:00'),
(104, 25, 533535, 'https://image.tmdb.org/t/p/w500//tuxt193U1kovduUDK4fuzFoh5Tt.jpg', 'Photos', '2024-12-07 05:38:53', '0000-00-00 00:00:00'),
(105, 25, 533535, 'https://image.tmdb.org/t/p/w500//lD4mhKoiaXpKrtBEjACeWgz7w0O.jpg', 'Photos', '2024-12-07 05:38:53', '0000-00-00 00:00:00'),
(106, 25, 533535, 'https://image.tmdb.org/t/p/w500//nU5NrhR5VUedB0UIcKdDpOkTnna.jpg', 'Photos', '2024-12-07 05:38:53', '0000-00-00 00:00:00'),
(107, 25, 533535, 'https://image.tmdb.org/t/p/w500//by8z9Fe8y7p4jo2YlW2SZDnptyT.jpg', 'Photos', '2024-12-07 05:38:53', '0000-00-00 00:00:00'),
(108, 25, 533535, 'https://image.tmdb.org/t/p/w500//waPt1Dv5kWhbNna5rTv2NGfeb7O.jpg', 'Photos', '2024-12-07 05:38:53', '0000-00-00 00:00:00'),
(109, 25, 533535, 'https://image.tmdb.org/t/p/w500//qRlSSvaGvoDLvFlFcRM9gYXA4cE.jpg', 'Photos', '2024-12-07 05:38:53', '0000-00-00 00:00:00'),
(110, 25, 533535, 'https://image.tmdb.org/t/p/w500//6IUmUiGGG9SPb831LcprkzMepzP.jpg', 'Photos', '2024-12-07 05:38:53', '0000-00-00 00:00:00'),
(111, 25, 533535, 'https://image.tmdb.org/t/p/w500//cOoVcVQ3i1m5b2xtqKBtoTSbxC1.jpg', 'Photos', '2024-12-07 05:38:54', '0000-00-00 00:00:00'),
(112, 25, 533535, 'https://image.tmdb.org/t/p/w500//3xQI72a62Rl8sqnYBe5nA39RgQx.jpg', 'Photos', '2024-12-07 05:38:54', '0000-00-00 00:00:00'),
(113, 25, 533535, 'https://image.tmdb.org/t/p/w500//ufpeVEM64uZHPpzzeiDNIAdaeOD.jpg', 'Photos', '2024-12-07 05:38:54', '0000-00-00 00:00:00'),
(114, 25, 533535, 'https://image.tmdb.org/t/p/w500//f6TCICUC8OSBtZDKgg18T6PjfIM.jpg', 'Photos', '2024-12-07 05:38:54', '0000-00-00 00:00:00'),
(115, 25, 533535, 'https://image.tmdb.org/t/p/w500//mbY234XwMwEofAdX8yddNcK82wi.jpg', 'Photos', '2024-12-07 05:38:54', '0000-00-00 00:00:00'),
(116, 25, 533535, 'https://image.tmdb.org/t/p/w500//5pZccfZT5fMrfRxCIaPmRFQqJ19.jpg', 'Photos', '2024-12-07 05:38:54', '0000-00-00 00:00:00'),
(117, 25, 533535, 'https://image.tmdb.org/t/p/w500//dZCZnFxvi0fDQKHG0oxADsPvJsQ.jpg', 'Photos', '2024-12-07 05:38:54', '0000-00-00 00:00:00'),
(118, 25, 533535, 'https://image.tmdb.org/t/p/w500//pakDaGsudeZnCg7BIix18bh4mCx.jpg', 'Photos', '2024-12-07 05:38:54', '0000-00-00 00:00:00'),
(119, 25, 533535, 'https://image.tmdb.org/t/p/w500//qPiMT4rtHMMxvcsTbAT3KSRuGa3.jpg', 'Photos', '2024-12-07 05:38:54', '0000-00-00 00:00:00'),
(120, 25, 533535, 'https://image.tmdb.org/t/p/w500//cnlbeXo2uBDtu4VdiSgjmMLf06s.jpg', 'Photos', '2024-12-07 05:38:54', '0000-00-00 00:00:00'),
(121, 25, 533535, 'https://image.tmdb.org/t/p/w500//dQRacyPpNjcpyKdNDK05DqDWETz.jpg', 'Photos', '2024-12-07 05:38:54', '0000-00-00 00:00:00'),
(122, 25, 533535, 'https://image.tmdb.org/t/p/w500//zjGVwDFpHLKueusW5TF9r4gn8Er.jpg', 'Photos', '2024-12-07 05:38:54', '0000-00-00 00:00:00'),
(123, 25, 533535, 'https://image.tmdb.org/t/p/w500//ikJqO2Y5ecyXxGueCVHLEmgKC7Y.jpg', 'Photos', '2024-12-07 05:38:54', '0000-00-00 00:00:00'),
(124, 25, 533535, 'https://image.tmdb.org/t/p/w500//9HjqGyUfwA8aLHIKvDy6BOPWqZf.jpg', 'Photos', '2024-12-07 05:38:54', '0000-00-00 00:00:00'),
(125, 25, 533535, 'https://image.tmdb.org/t/p/w500//4Pz94mtywa2fTGkCJyNqOHAmLuj.jpg', 'Photos', '2024-12-07 05:38:54', '0000-00-00 00:00:00'),
(126, 25, 533535, 'https://image.tmdb.org/t/p/w500//i0Wh4aH4EiW0eLv3hn4RD50aWSB.jpg', 'Photos', '2024-12-07 05:38:54', '0000-00-00 00:00:00'),
(127, 25, 533535, 'https://image.tmdb.org/t/p/w500//8QIm79wOBCeIXVL96U4q4AEpyCH.jpg', 'Photos', '2024-12-07 05:38:54', '0000-00-00 00:00:00'),
(128, 25, 533535, 'https://image.tmdb.org/t/p/w500//lECA3TxwjTOjjMqjvUe9kBarmM9.jpg', 'Photos', '2024-12-07 05:38:55', '0000-00-00 00:00:00'),
(129, 25, 533535, 'https://image.tmdb.org/t/p/w500//nOoQUcKTg3xsBLcMU2aIjzeTpxV.jpg', 'Photos', '2024-12-07 05:38:55', '0000-00-00 00:00:00'),
(130, 25, 533535, 'https://image.tmdb.org/t/p/w500//jxjIKaABRNvhO9mXlfCrAQQFZdL.jpg', 'Photos', '2024-12-07 05:38:55', '0000-00-00 00:00:00'),
(131, 25, 533535, 'https://image.tmdb.org/t/p/w500//fM6sW9yBLXxoZiDd9s4xc9zVxsU.jpg', 'Photos', '2024-12-07 05:38:55', '0000-00-00 00:00:00'),
(132, 25, 533535, 'https://image.tmdb.org/t/p/w500//pfkf5WocCJ2zJKdjLC4wqLAYro9.jpg', 'Photos', '2024-12-07 05:38:55', '0000-00-00 00:00:00'),
(133, 25, 533535, 'https://image.tmdb.org/t/p/w500//A1OvvfGOyq2NwPYUDpykkN3IZOk.jpg', 'Photos', '2024-12-07 05:38:55', '0000-00-00 00:00:00'),
(134, 25, 533535, 'https://image.tmdb.org/t/p/w500//qas2l9jwEF0wcA0pCvPegRS9UZv.jpg', 'Photos', '2024-12-07 05:38:55', '0000-00-00 00:00:00'),
(135, 25, 533535, 'https://image.tmdb.org/t/p/w500//heDHGYwFBkPAnmC1tyKcQCSFiZz.jpg', 'Photos', '2024-12-07 05:38:55', '0000-00-00 00:00:00'),
(136, 25, 533535, 'https://image.tmdb.org/t/p/w500//rgaCbozDqcylyseBhlzKtIG8bwt.jpg', 'Photos', '2024-12-07 05:38:55', '0000-00-00 00:00:00'),
(137, 25, 533535, 'https://image.tmdb.org/t/p/w500//6Xn3ITN4E3OqpLujU9Tyr4hnqoZ.jpg', 'Photos', '2024-12-07 05:38:55', '0000-00-00 00:00:00'),
(138, 25, 533535, 'https://image.tmdb.org/t/p/w500//y2jJA9BA5LhDUhFw1qPHMp3wSFV.jpg', 'Photos', '2024-12-07 05:38:55', '0000-00-00 00:00:00'),
(139, 25, 533535, 'https://image.tmdb.org/t/p/w500//gFsheBr0csPaUja8aGrv4gTpyRI.jpg', 'Photos', '2024-12-07 05:38:55', '0000-00-00 00:00:00'),
(140, 25, 533535, 'https://image.tmdb.org/t/p/w500//1ig9LLkKE1yozIHRIbxZUwn8gY8.jpg', 'Photos', '2024-12-07 05:38:55', '0000-00-00 00:00:00'),
(141, 25, 533535, 'https://image.tmdb.org/t/p/w500//c8vGaFuWkYetS1GY02CfSg88oaI.jpg', 'Photos', '2024-12-07 05:38:55', '0000-00-00 00:00:00'),
(142, 25, 533535, 'https://image.tmdb.org/t/p/w500//giX6RYJdegaCJoHJHHVb9OdBXo1.jpg', 'Photos', '2024-12-07 05:38:55', '0000-00-00 00:00:00'),
(143, 25, 533535, 'https://image.tmdb.org/t/p/w500//nbq3LfgLXnL5ixZ1Q74jTJmhmTS.jpg', 'Photos', '2024-12-07 05:38:55', '0000-00-00 00:00:00'),
(144, 25, 533535, 'https://image.tmdb.org/t/p/w500//isc6BYycX7RcDtMggwuINmeSO6U.jpg', 'Photos', '2024-12-07 05:38:55', '0000-00-00 00:00:00'),
(145, 25, 533535, 'https://image.tmdb.org/t/p/w500//emz3txG0WRJkskXgfLGR3a2eWKE.jpg', 'Photos', '2024-12-07 05:38:55', '0000-00-00 00:00:00'),
(146, 25, 533535, 'https://image.tmdb.org/t/p/w500//mYi9yR8bWDEmj1sCZXzLRCpQjV7.jpg', 'Photos', '2024-12-07 05:38:56', '0000-00-00 00:00:00'),
(147, 25, 533535, 'https://image.tmdb.org/t/p/w500//hzr7GhCoWTeQQMKDR6LXhN8x9fs.jpg', 'Photos', '2024-12-07 05:38:56', '0000-00-00 00:00:00'),
(148, 25, 533535, 'https://image.tmdb.org/t/p/w500//lXJ9BtyseV8nHulgUPGkj1cLKw4.jpg', 'Photos', '2024-12-07 05:38:56', '0000-00-00 00:00:00'),
(149, 25, 533535, 'https://image.tmdb.org/t/p/w500//eZZEMl48jaaznFMkTh1deDoP9qH.jpg', 'Photos', '2024-12-07 05:38:56', '0000-00-00 00:00:00'),
(150, 25, 533535, 'https://image.tmdb.org/t/p/w500//rLLA3CehQydC9RsSwIaA54gXNPp.jpg', 'Photos', '2024-12-07 05:38:56', '0000-00-00 00:00:00'),
(151, 25, 533535, 'https://image.tmdb.org/t/p/w500//8nppABGvelqC9W7PVsEnYa4J0op.jpg', 'Photos', '2024-12-07 05:38:56', '0000-00-00 00:00:00'),
(152, 25, 533535, 'https://image.tmdb.org/t/p/w500//bHB2o5In1oyBkNJ5KoB2BC6vvj2.jpg', 'Photos', '2024-12-07 05:38:56', '0000-00-00 00:00:00'),
(153, 25, 533535, 'https://image.tmdb.org/t/p/w500//4XXc0dblpuCXHQ9vO6qW2NTeFrx.jpg', 'Photos', '2024-12-07 05:38:56', '0000-00-00 00:00:00'),
(154, 25, 533535, 'https://image.tmdb.org/t/p/w500//wRSLdSupaU9McDbCFVdZw0gzhrU.jpg', 'Photos', '2024-12-07 05:38:56', '0000-00-00 00:00:00'),
(155, 25, 533535, 'https://image.tmdb.org/t/p/w500//uvlbA5Zt9Alib6D46g84iMjnAQU.jpg', 'Photos', '2024-12-07 05:38:56', '0000-00-00 00:00:00'),
(156, 25, 533535, 'https://image.tmdb.org/t/p/w500//vuMzJuQPz9AgdzizDIweQA0422n.jpg', 'Photos', '2024-12-07 05:38:56', '0000-00-00 00:00:00'),
(157, 25, 533535, 'https://image.tmdb.org/t/p/w500//adb1xy3Pt2hxsiJFojZoL7tGEne.jpg', 'Photos', '2024-12-07 05:38:56', '0000-00-00 00:00:00'),
(158, 25, 533535, 'https://image.tmdb.org/t/p/w500//1vP6mWV8YaFyCNmqSAZvtpVYkSU.jpg', 'Photos', '2024-12-07 05:38:56', '0000-00-00 00:00:00'),
(159, 25, 533535, 'https://image.tmdb.org/t/p/w500//gM9deZjA6TEDpIhXG6zuiatOmYe.jpg', 'Photos', '2024-12-07 05:38:56', '0000-00-00 00:00:00'),
(160, 25, 533535, 'https://image.tmdb.org/t/p/w500//i1IxZQkpA7lGaHfcanpioJn4Tym.jpg', 'Photos', '2024-12-07 05:38:56', '0000-00-00 00:00:00'),
(161, 25, 533535, 'https://image.tmdb.org/t/p/w500//jyLg2u8iUBbT5itCcyKF6EyvYSR.jpg', 'Photos', '2024-12-07 05:38:56', '0000-00-00 00:00:00'),
(162, 25, 533535, 'https://image.tmdb.org/t/p/w500//ldY6V55xtt9dqnDLyVcmLsnVKQU.jpg', 'Photos', '2024-12-07 05:38:56', '0000-00-00 00:00:00'),
(163, 25, 533535, 'https://image.tmdb.org/t/p/w500//b3sC87A8oaqfuj0ECRhSkfHeDCT.jpg', 'Photos', '2024-12-07 05:38:56', '0000-00-00 00:00:00'),
(164, 25, 533535, 'https://image.tmdb.org/t/p/w500//j5lFQq61hvKVgmccXzWhAReUVhK.jpg', 'Photos', '2024-12-07 05:38:57', '0000-00-00 00:00:00'),
(165, 25, 533535, 'https://image.tmdb.org/t/p/w500//abjeeg8B2ZDkyQknMQ4qTY8DMFL.jpg', 'Photos', '2024-12-07 05:38:57', '0000-00-00 00:00:00'),
(166, 25, 533535, 'https://image.tmdb.org/t/p/w500//n55FZKKUQOMGIosYomtxMc7IEgK.jpg', 'Photos', '2024-12-07 05:38:57', '0000-00-00 00:00:00'),
(167, 25, 533535, 'https://image.tmdb.org/t/p/w500//AdWjD895GsvJLLzRUD1ip51tlje.jpg', 'Photos', '2024-12-07 05:38:57', '0000-00-00 00:00:00'),
(168, 25, 533535, 'https://image.tmdb.org/t/p/w500//o8qcq4itotOkrJbNdxPn3EDl9pK.jpg', 'Photos', '2024-12-07 05:38:57', '0000-00-00 00:00:00'),
(169, 25, 533535, 'https://image.tmdb.org/t/p/w500//9IBhQMZqDAceIMFriploqqnvJzK.jpg', 'Photos', '2024-12-07 05:38:57', '0000-00-00 00:00:00'),
(170, 25, 533535, 'https://image.tmdb.org/t/p/w500//jdYSOSeNVZyspYkf4W8cBRayCrb.jpg', 'Photos', '2024-12-07 05:38:57', '0000-00-00 00:00:00'),
(171, 25, 533535, 'https://image.tmdb.org/t/p/w500//by162J7zFy9YwXkDNKvL9g4nbth.jpg', 'Photos', '2024-12-07 05:38:57', '0000-00-00 00:00:00'),
(172, 25, 533535, 'https://image.tmdb.org/t/p/w500//315sKJTJ70pwgmuVhAPuQTAwVPu.jpg', 'Photos', '2024-12-07 05:38:57', '0000-00-00 00:00:00'),
(173, 25, 533535, 'https://image.tmdb.org/t/p/w500//bpCs9rHiNR2J4hIncrOCSuD4icO.jpg', 'Photos', '2024-12-07 05:38:57', '0000-00-00 00:00:00'),
(174, 25, 533535, 'https://image.tmdb.org/t/p/w500//4dbuIpd2jHj0L4Tu2Uj7BTpiqBB.jpg', 'Photos', '2024-12-07 05:38:57', '0000-00-00 00:00:00'),
(175, 25, 533535, 'https://image.tmdb.org/t/p/w500//617WJyYSLvl3RD3uFkVUMNbwQWG.jpg', 'Photos', '2024-12-07 05:38:57', '0000-00-00 00:00:00'),
(176, 25, 533535, 'https://image.tmdb.org/t/p/w500//2DNL6GKleLrw1eiOqBRuZ8fnvQP.jpg', 'Photos', '2024-12-07 05:38:57', '0000-00-00 00:00:00'),
(177, 25, 533535, 'https://image.tmdb.org/t/p/w500//sGCEZp7A1aCtrOhz335PcsgVaYw.jpg', 'Photos', '2024-12-07 05:38:57', '0000-00-00 00:00:00'),
(178, 25, 533535, 'https://image.tmdb.org/t/p/w500//ggcbsNBafj0O90W08rgfK8ADXOK.jpg', 'Photos', '2024-12-07 05:38:57', '0000-00-00 00:00:00'),
(179, 25, 533535, 'https://image.tmdb.org/t/p/w500//rdkWHQpkqvjC4kA8gWo0gkw9lyM.jpg', 'Photos', '2024-12-07 05:38:57', '0000-00-00 00:00:00'),
(180, 25, 533535, 'https://image.tmdb.org/t/p/w500//1fJVgH5u2tp1Ht1RHnWIz7sjFDW.jpg', 'Photos', '2024-12-07 05:38:57', '0000-00-00 00:00:00'),
(181, 25, 533535, 'https://image.tmdb.org/t/p/w500//aCkbRcDEMiRzVJhSJiAGuJ5FbBY.jpg', 'Photos', '2024-12-07 05:38:57', '0000-00-00 00:00:00'),
(182, 25, 533535, 'https://image.tmdb.org/t/p/w500//u7zkhh1H5PxMJh4E6C2ItnUp2EA.jpg', 'Photos', '2024-12-07 05:38:58', '0000-00-00 00:00:00'),
(183, 25, 533535, 'https://image.tmdb.org/t/p/w500//pPNWnS5XmiKapOKifckPkN6lezs.jpg', 'Photos', '2024-12-07 05:38:58', '0000-00-00 00:00:00'),
(184, 25, 533535, 'https://image.tmdb.org/t/p/w500//eRCJIwldmd1K6GUqIjtHXVtLgLr.jpg', 'Photos', '2024-12-07 05:38:58', '0000-00-00 00:00:00'),
(185, 25, 533535, 'https://image.tmdb.org/t/p/w500//r0c515A2YBxcpPpeXcsvMLzeX6w.jpg', 'Photos', '2024-12-07 05:38:58', '0000-00-00 00:00:00'),
(186, 25, 533535, 'https://image.tmdb.org/t/p/w500//hiBjgrcU0dVkD4I9jkWrWOiXELp.jpg', 'Photos', '2024-12-07 05:38:58', '0000-00-00 00:00:00'),
(187, 25, 533535, 'https://image.tmdb.org/t/p/w500//ryn2SRp4LotmAOrgS25c5tWTt4x.jpg', 'Photos', '2024-12-07 05:38:58', '0000-00-00 00:00:00'),
(188, 25, 533535, 'https://image.tmdb.org/t/p/w500//crspqbjf5UCUyNSUKu5uDgzyr8Q.jpg', 'Photos', '2024-12-07 05:38:58', '0000-00-00 00:00:00'),
(189, 25, 533535, 'https://image.tmdb.org/t/p/w500//urFjiARwjWuAjnkkUzZrfhUYcNM.jpg', 'Photos', '2024-12-07 05:38:58', '0000-00-00 00:00:00'),
(190, 25, 533535, 'https://image.tmdb.org/t/p/w500//mtR1WWp2uSSAZ06nSxE97bjqQxd.jpg', 'Photos', '2024-12-07 05:38:58', '0000-00-00 00:00:00'),
(191, 25, 533535, 'https://image.tmdb.org/t/p/w500//8HwXR4eUlmg0LvKTaCuAQQgdf7j.jpg', 'Photos', '2024-12-07 05:38:58', '0000-00-00 00:00:00'),
(192, 25, 533535, 'https://image.tmdb.org/t/p/w500//8e5nh8VyT5WjT06WqtjTyxs7nhU.jpg', 'Photos', '2024-12-07 05:38:58', '0000-00-00 00:00:00'),
(193, 25, 533535, 'https://image.tmdb.org/t/p/w500//pSmT5WNBIX6sk1R00l0cNS1k2lm.jpg', 'Photos', '2024-12-07 05:38:58', '0000-00-00 00:00:00'),
(194, 25, 533535, 'https://image.tmdb.org/t/p/w500//jJrmUmk6wAqh08Wqi13Q9DzOYhu.jpg', 'Photos', '2024-12-07 05:38:58', '0000-00-00 00:00:00'),
(195, 25, 533535, 'https://image.tmdb.org/t/p/w500//ipgPfG5kMLyyZEecP9iib97Sw6d.jpg', 'Photos', '2024-12-07 05:38:58', '0000-00-00 00:00:00'),
(196, 25, 533535, 'https://image.tmdb.org/t/p/w500//tcu1lVwYepozCN1iTmo7iEi2oiX.jpg', 'Photos', '2024-12-07 05:38:58', '0000-00-00 00:00:00'),
(197, 25, 533535, 'https://image.tmdb.org/t/p/w500//mUcOlABHt814eZIKQe1HdImobai.jpg', 'Photos', '2024-12-07 05:38:58', '0000-00-00 00:00:00'),
(198, 25, 533535, 'https://image.tmdb.org/t/p/w500//2PHtnbSXWvrf2LOOetNcQjaacCc.jpg', 'Photos', '2024-12-07 05:38:58', '0000-00-00 00:00:00'),
(199, 25, 533535, 'https://image.tmdb.org/t/p/w500//5wlthXGS5ceTrHSfa9RXzSliOB5.jpg', 'Photos', '2024-12-07 05:38:58', '0000-00-00 00:00:00'),
(200, 25, 533535, 'https://image.tmdb.org/t/p/w500//uR7kX3oMmnA83ckoev7FBi7rP5S.jpg', 'Photos', '2024-12-07 05:38:59', '0000-00-00 00:00:00'),
(201, 25, 533535, 'https://image.tmdb.org/t/p/w500//8jarwxHO1W7VySvCgZc8WeWcLcZ.jpg', 'Photos', '2024-12-07 05:38:59', '0000-00-00 00:00:00'),
(202, 25, 533535, 'https://image.tmdb.org/t/p/w500//20Z5OyMcnNc21fj4Cto9PAenHWc.jpg', 'Photos', '2024-12-07 05:38:59', '0000-00-00 00:00:00'),
(203, 25, 533535, 'https://image.tmdb.org/t/p/w500//xw0UPrGbBGbFabBjWBt10OYOjuC.jpg', 'Photos', '2024-12-07 05:38:59', '0000-00-00 00:00:00'),
(204, 25, 533535, 'https://image.tmdb.org/t/p/w500//AedbvbzVrdGMhi9oFPhorizbtTL.jpg', 'Photos', '2024-12-07 05:38:59', '0000-00-00 00:00:00'),
(205, 25, 533535, 'https://image.tmdb.org/t/p/w500//ykHxmrQb5HbA0oKK0tmk0nK2N3J.jpg', 'Photos', '2024-12-07 05:38:59', '0000-00-00 00:00:00'),
(206, 25, 533535, 'https://image.tmdb.org/t/p/w500//c9LhQHEd8A0hoYJZO1DGis78p9M.jpg', 'Photos', '2024-12-07 05:38:59', '0000-00-00 00:00:00'),
(207, 25, 533535, 'https://image.tmdb.org/t/p/w500//aTws1qlFzNYhfMCAB6nGuvhvuch.jpg', 'Photos', '2024-12-07 05:38:59', '0000-00-00 00:00:00'),
(208, 25, 533535, 'https://image.tmdb.org/t/p/w500//73IyAJQrE3z15AZe6c7Dt619p8n.jpg', 'Photos', '2024-12-07 05:38:59', '0000-00-00 00:00:00'),
(209, 25, 533535, 'https://image.tmdb.org/t/p/w500//cAAUh6hTmGM1oBZtcOKjsOk3sKz.jpg', 'Photos', '2024-12-07 05:38:59', '0000-00-00 00:00:00'),
(210, 25, 533535, 'https://image.tmdb.org/t/p/w500//o5RwmNkDAXNhukMXeUfhl6DpIJ2.jpg', 'Photos', '2024-12-07 05:38:59', '0000-00-00 00:00:00'),
(211, 25, 533535, 'https://image.tmdb.org/t/p/w500//fQkx63zOl45MVl1QpDonhDeplSp.jpg', 'Photos', '2024-12-07 05:38:59', '0000-00-00 00:00:00'),
(212, 25, 533535, 'https://image.tmdb.org/t/p/w500//99clvDIUKJKtyCssgUBBnFHjium.jpg', 'Photos', '2024-12-07 05:38:59', '0000-00-00 00:00:00'),
(213, 25, 533535, 'https://image.tmdb.org/t/p/w500//uJUCi3HApTUZpbDoYlmnPG9spsP.jpg', 'Photos', '2024-12-07 05:38:59', '0000-00-00 00:00:00'),
(214, 25, 533535, 'https://image.tmdb.org/t/p/w500//53yyhK8gQbALqXFJP5pQQ3JNz1r.jpg', 'Photos', '2024-12-07 05:38:59', '0000-00-00 00:00:00'),
(215, 25, 533535, 'https://image.tmdb.org/t/p/w500//nD0fC0X83BZCvjWwcB3YgtZlOut.jpg', 'Photos', '2024-12-07 05:38:59', '0000-00-00 00:00:00'),
(216, 25, 533535, 'https://image.tmdb.org/t/p/w500//8vWMsI8sNtPxh7hfCpwosb5Qv8v.jpg', 'Photos', '2024-12-07 05:38:59', '0000-00-00 00:00:00'),
(217, 25, 533535, 'https://image.tmdb.org/t/p/w500//pN8JwnKLPr6iGykjCxu6GXFkbNo.jpg', 'Photos', '2024-12-07 05:38:59', '0000-00-00 00:00:00'),
(218, 25, 533535, 'https://image.tmdb.org/t/p/w500//9j4ki9mLhRxiZ6iWzzwexoYdSIY.jpg', 'Photos', '2024-12-07 05:39:00', '0000-00-00 00:00:00'),
(219, 25, 533535, 'https://image.tmdb.org/t/p/w500//uFbudm0pNXcfec9LWUTo6Jk7Mir.jpg', 'Photos', '2024-12-07 05:39:00', '0000-00-00 00:00:00'),
(220, 25, 533535, 'https://image.tmdb.org/t/p/w500//eJtgWfY9Dzayf4fAspjC8Oqz4S6.jpg', 'Photos', '2024-12-07 05:39:00', '0000-00-00 00:00:00'),
(221, 25, 533535, 'https://image.tmdb.org/t/p/w500//ctt0lf8YVq0ofUJTcGimNUVvybq.jpg', 'Photos', '2024-12-07 05:39:00', '0000-00-00 00:00:00'),
(222, 25, 533535, 'https://image.tmdb.org/t/p/w500//f5uIY2icVUTnsAIYHHz27W4G7yB.jpg', 'Photos', '2024-12-07 05:39:00', '0000-00-00 00:00:00'),
(223, 25, 533535, 'https://image.tmdb.org/t/p/w500//mqAgzD0800kc3f6FnuG1yZV5Hyu.jpg', 'Photos', '2024-12-07 05:39:00', '0000-00-00 00:00:00'),
(224, 25, 533535, 'https://image.tmdb.org/t/p/w500//fHFlJuLqzKYzNckZpG8i2BVelSO.jpg', 'Photos', '2024-12-07 05:39:00', '0000-00-00 00:00:00'),
(225, 25, 533535, 'https://image.tmdb.org/t/p/w500//5uNe4HjAkzgA4iap7JbJBb586Y5.jpg', 'Photos', '2024-12-07 05:39:00', '0000-00-00 00:00:00'),
(226, 25, 533535, 'https://image.tmdb.org/t/p/w500//ww7DjXhuClim97mGpAwS6DVjtZT.jpg', 'Photos', '2024-12-07 05:39:00', '0000-00-00 00:00:00'),
(227, 25, 533535, 'https://image.tmdb.org/t/p/w500//c7oxFJfGUTsC97ax6FSlJNiIAoD.jpg', 'Photos', '2024-12-07 05:39:00', '0000-00-00 00:00:00'),
(228, 25, 533535, 'https://image.tmdb.org/t/p/w500//i4LxJak1ImXWISOsuySZg7HmVA0.jpg', 'Photos', '2024-12-07 05:39:00', '0000-00-00 00:00:00'),
(229, 25, 533535, 'https://image.tmdb.org/t/p/w500//kEqKO4UOwp4wOL1YMN2XBi3QSyT.jpg', 'Photos', '2024-12-07 05:39:00', '0000-00-00 00:00:00'),
(230, 25, 533535, 'https://image.tmdb.org/t/p/w500//l02IPaJyAHOucQj0mu6V3rilQW8.jpg', 'Photos', '2024-12-07 05:39:00', '0000-00-00 00:00:00'),
(231, 25, 533535, 'https://image.tmdb.org/t/p/w500//7HqQBFiuZZfDgiNc4Ax1mqMVv5P.jpg', 'Photos', '2024-12-07 05:39:00', '0000-00-00 00:00:00'),
(232, 25, 533535, 'https://image.tmdb.org/t/p/w500//cQgJOgYz8NKiipYH4tv3VWpqMZp.jpg', 'Photos', '2024-12-07 05:39:00', '0000-00-00 00:00:00'),
(233, 25, 533535, 'https://image.tmdb.org/t/p/w500//pAqcNgLIGDbCXXTcMupzG1ZqsaC.jpg', 'Photos', '2024-12-07 05:39:00', '0000-00-00 00:00:00'),
(234, 25, 533535, 'https://image.tmdb.org/t/p/w500//5uoOhuhOMSTs1n9Iz5u4Puvc9QX.jpg', 'Photos', '2024-12-07 05:39:00', '0000-00-00 00:00:00'),
(235, 25, 533535, 'https://image.tmdb.org/t/p/w500//z692vtD3fivaiYuwCIpZmXkzVJk.jpg', 'Photos', '2024-12-07 05:39:00', '0000-00-00 00:00:00'),
(236, 25, 533535, 'https://image.tmdb.org/t/p/w500//uyaGfMX9L5Z4uOovdcosIxCS0ql.jpg', 'Photos', '2024-12-07 05:39:01', '0000-00-00 00:00:00'),
(237, 25, 533535, 'https://image.tmdb.org/t/p/w500//1Ii0tzQRlA93egLqFpQyB8CbNAQ.jpg', 'Photos', '2024-12-07 05:39:01', '0000-00-00 00:00:00'),
(238, 25, 533535, 'https://image.tmdb.org/t/p/w500//yUE3kDL8taEAUr5iz6YaJORSHfj.jpg', 'Photos', '2024-12-07 05:39:01', '0000-00-00 00:00:00'),
(239, 25, 533535, 'https://image.tmdb.org/t/p/w500//keKQas0HjbwuHJhkJxKBu7sfKDT.jpg', 'Photos', '2024-12-07 05:39:01', '0000-00-00 00:00:00'),
(240, 25, 533535, 'https://image.tmdb.org/t/p/w500//uTVrPwTQHkVKAkxWYCdyCM4qOg5.jpg', 'Photos', '2024-12-07 05:39:01', '0000-00-00 00:00:00'),
(241, 25, 533535, 'https://image.tmdb.org/t/p/w500//9IPHY3GwywBiiI9hcAeqdosXdyP.jpg', 'Photos', '2024-12-07 05:39:01', '0000-00-00 00:00:00');

-- --------------------------------------------------------

--
-- Table structure for table `users`
--

CREATE TABLE `users` (
  `id` int(11) NOT NULL,
  `email` varchar(128) NOT NULL,
  `password` varchar(255) NOT NULL,
  `firstName` varchar(128) NOT NULL,
  `middleName` varchar(128) NOT NULL,
  `lastName` varchar(128) NOT NULL,
  `contactNo` varchar(15) NOT NULL,
  `role` enum('admin','user') NOT NULL
) ENGINE=InnoDB DEFAULT CHARSET=utf8mb4 COLLATE=utf8mb4_general_ci;

--
-- Dumping data for table `users`
--

INSERT INTO `users` (`id`, `email`, `password`, `firstName`, `middleName`, `lastName`, `contactNo`, `role`) VALUES
(1, 'adminromce@gmail.com', 'd8578edf8458ce06fbc5bb76a58c5ca4', 'Romce', 'Rodriguez', 'Cañete', '09351107560', 'admin'),
(2, 'romcecanete11@gmail.com', '202cb962ac59075b964b07152d234b70', 'Romce', 'Angelo', 'Cañete', '09511841082', 'user'),
(23, 'Carlobernardo889@gmail.com', '829d96f49e8c293631bda01591a5ec49', 'Carlo', 'Zabra', 'Bernardo', '09511841082', 'user'),
(25, 'carloadmin@gmail.com', '202cb962ac59075b964b07152d234b70', 'John', 'Carlo', 'Bernando', '095412357845', 'admin');

-- --------------------------------------------------------

--
-- Table structure for table `videos`
--

CREATE TABLE `videos` (
  `id` int(11) NOT NULL,
  `userId` int(11) NOT NULL,
  `movieId` int(11) NOT NULL,
  `url` varchar(255) NOT NULL,
  `name` varchar(255) NOT NULL,
  `site` varchar(255) NOT NULL,
  `videoKey` varchar(255) NOT NULL,
  `videoType` varchar(255) NOT NULL,
  `official` tinyint(1) NOT NULL,
  `dateCreated` timestamp NOT NULL DEFAULT current_timestamp(),
  `dateUpdated` timestamp NOT NULL DEFAULT '0000-00-00 00:00:00'
) ENGINE=InnoDB DEFAULT CHARSET=utf8mb4 COLLATE=utf8mb4_general_ci;

--
-- Dumping data for table `videos`
--

INSERT INTO `videos` (`id`, `userId`, `movieId`, `url`, `name`, `site`, `videoKey`, `videoType`, `official`, `dateCreated`, `dateUpdated`) VALUES
(1, 1, 1075536, 'https://www.youtube.com/embed/36bPtrvDOvk', 'Suki | Official Trailer | Azi Acosta | February 24 only on Vivamax', 'YouTube', '36bPtrvDOvk', 'Trailer', 0, '2024-12-07 02:45:46', '0000-00-00 00:00:00'),
(2, 1, 1041898, 'https://www.youtube.com/embed/7QxwnPVejLc', 'Pamasahe', 'YouTube', '7QxwnPVejLc', 'Trailer', 0, '2024-12-07 02:46:30', '0000-00-00 00:00:00'),
(3, 1, 1196656, 'https://www.youtube.com/embed/yekpavk5olI', 'SUGAR BABY Official Trailer | World Premiere this November 24 only on Vivamax!', 'YouTube', 'yekpavk5olI', 'Trailer', 0, '2024-12-07 02:47:42', '0000-00-00 00:00:00'),
(4, 1, 1241982, 'https://www.youtube.com/embed/onzzmEg5o2I', 'The Moana 2 film-makers on the sequel to Disney\'s Polynesian adventure | BFI Q&A', 'YouTube', 'onzzmEg5o2I', 'Featurette', 1, '2024-12-07 03:45:16', '0000-00-00 00:00:00'),
(5, 1, 1241982, 'https://www.youtube.com/embed/iqEcsbm3SHQ', '\"Can I Get a Chee Hoo\" Featurette', 'YouTube', 'iqEcsbm3SHQ', 'Behind the Scenes', 1, '2024-12-07 03:45:16', '0000-00-00 00:00:00'),
(6, 1, 1241982, 'https://www.youtube.com/embed/6s2xFzhAAb0', 'Auliʻi Cravalho and the creators of MOANA 2 on taking the music beyond + favourite songs | BAFTA', 'YouTube', '6s2xFzhAAb0', 'Featurette', 1, '2024-12-07 03:45:16', '0000-00-00 00:00:00'),
(7, 1, 1241982, 'https://www.youtube.com/embed/N86asJvoogk', 'Interview with Dana Ledoux Miller, Jason Hand & Christina Chen', 'YouTube', 'N86asJvoogk', 'Featurette', 1, '2024-12-07 03:45:16', '0000-00-00 00:00:00'),
(8, 1, 1241982, 'https://www.youtube.com/embed/RGhTO0ihiLo', '#1 Movie in the World', 'YouTube', 'RGhTO0ihiLo', 'Teaser', 1, '2024-12-07 03:45:16', '0000-00-00 00:00:00'),
(9, 1, 1241982, 'https://www.youtube.com/embed/_oj9VuS-FLs', 'Moanabes Booth To Screen', 'YouTube', '_oj9VuS-FLs', 'Behind the Scenes', 1, '2024-12-07 03:45:16', '0000-00-00 00:00:00'),
(10, 1, 1241982, 'https://www.youtube.com/embed/pg1ynLZgVG8', 'Surprise Performance! Barlow & Bear Bring Moana 2 Magic to London Waterloo!', 'YouTube', 'pg1ynLZgVG8', 'Featurette', 1, '2024-12-07 03:45:16', '0000-00-00 00:00:00'),
(11, 1, 1241982, 'https://www.youtube.com/embed/i6CsD3p0UoU', 'IMAX® Upgrade', 'YouTube', 'i6CsD3p0UoU', 'Featurette', 1, '2024-12-07 03:45:16', '0000-00-00 00:00:00'),
(12, 1, 1241982, 'https://www.youtube.com/embed/6y9tuQ0mrU0', 'Movie Surfers - Moana 2 Premiere with Dwayne Johnson and Auli’i Cravalho', 'YouTube', '6y9tuQ0mrU0', 'Featurette', 1, '2024-12-07 03:45:16', '0000-00-00 00:00:00'),
(13, 1, 1241982, 'https://www.youtube.com/embed/O-89bV7UmMk', 'Drone Show in London', 'YouTube', 'O-89bV7UmMk', 'Featurette', 1, '2024-12-07 03:45:16', '0000-00-00 00:00:00'),
(14, 1, 1241982, 'https://www.youtube.com/embed/VQkIuebNjUE', 'D23 Inside Disney - Moana 2', 'YouTube', 'VQkIuebNjUE', 'Featurette', 1, '2024-12-07 03:45:16', '0000-00-00 00:00:00'),
(15, 1, 1241982, 'https://www.youtube.com/embed/YgavVSpQOb4', 'LEGO Trailer', 'YouTube', 'YgavVSpQOb4', 'Featurette', 1, '2024-12-07 03:45:16', '0000-00-00 00:00:00'),
(16, 1, 1241982, 'https://www.youtube.com/embed/5mDZiceBvGc', 'Dwayne Johnson Performs \"Can I Get a Chee Hoo?\"', 'YouTube', '5mDZiceBvGc', 'Behind the Scenes', 1, '2024-12-07 03:45:17', '0000-00-00 00:00:00'),
(17, 1, 1241982, 'https://www.youtube.com/embed/2wXapwnJE7M', 'The Music of Motunui', 'YouTube', '2wXapwnJE7M', 'Behind the Scenes', 1, '2024-12-07 03:45:17', '0000-00-00 00:00:00'),
(18, 1, 1241982, 'https://www.youtube.com/embed/09bKWtA4dYI', 'World Premiere Recap', 'YouTube', '09bKWtA4dYI', 'Featurette', 1, '2024-12-07 03:45:17', '0000-00-00 00:00:00'),
(19, 1, 1241982, 'https://www.youtube.com/embed/JdsSDUfHsC0', 'Moana is Back!', 'YouTube', 'JdsSDUfHsC0', 'Featurette', 1, '2024-12-07 03:45:17', '0000-00-00 00:00:00'),
(20, 1, 1241982, 'https://www.youtube.com/embed/sIZNsXFOqIw', 'We\'re Back', 'YouTube', 'sIZNsXFOqIw', 'Clip', 1, '2024-12-07 03:45:17', '0000-00-00 00:00:00'),
(21, 1, 1241982, 'https://www.youtube.com/embed/CxJghS8GK-4', 'You Need A Crew', 'YouTube', 'CxJghS8GK-4', 'Clip', 1, '2024-12-07 03:45:17', '0000-00-00 00:00:00'),
(22, 1, 1241982, 'https://www.youtube.com/embed/IRBP8wpJ3fo', 'Tickets on Sale', 'YouTube', 'IRBP8wpJ3fo', 'Teaser', 1, '2024-12-07 03:45:17', '0000-00-00 00:00:00'),
(23, 1, 1241982, 'https://www.youtube.com/embed/Wxemg6rtKAs', '\"We\'re Back\"', 'YouTube', 'Wxemg6rtKAs', 'Teaser', 1, '2024-12-07 03:45:17', '0000-00-00 00:00:00'),
(24, 1, 1241982, 'https://www.youtube.com/embed/LvCedoSC4oA', 'Watch Official Trailer Now', 'YouTube', 'LvCedoSC4oA', 'Teaser', 1, '2024-12-07 03:45:17', '0000-00-00 00:00:00'),
(25, 1, 1241982, 'https://www.youtube.com/embed/JdSl4RMNtGE', 'Special Look', 'YouTube', 'JdSl4RMNtGE', 'Trailer', 1, '2024-12-07 03:45:17', '0000-00-00 00:00:00'),
(26, 1, 1241982, 'https://www.youtube.com/embed/hDZ7y8RP5HE', 'Official Trailer', 'YouTube', 'hDZ7y8RP5HE', 'Trailer', 1, '2024-12-07 03:45:17', '0000-00-00 00:00:00'),
(27, 1, 1241982, 'https://www.youtube.com/embed/i07sCEEFPBM', 'Big, Bad Matangi', 'YouTube', 'i07sCEEFPBM', 'Teaser', 1, '2024-12-07 03:45:17', '0000-00-00 00:00:00'),
(28, 1, 1241982, 'https://www.youtube.com/embed/qkgkUCqEum4', 'Teaser Trailer', 'YouTube', 'qkgkUCqEum4', 'Trailer', 1, '2024-12-07 03:45:17', '0000-00-00 00:00:00'),
(29, 1, 1241982, 'https://www.youtube.com/embed/cZSywj-vkxA', 'First Look Announcement', 'YouTube', 'cZSywj-vkxA', 'Teaser', 1, '2024-12-07 03:45:17', '0000-00-00 00:00:00'),
(30, 1, 565156, 'https://www.youtube.com/embed/H3LzdgKdDqY', 'Ang Pangarap Kong Holdap Official Trailer', 'YouTube', 'H3LzdgKdDqY', 'Trailer', 0, '2024-12-07 04:52:22', '0000-00-00 00:00:00'),
(31, 25, 299536, 'https://www.youtube.com/embed/LXPaDL_oILs', '\"Legacy\" TV Spot', 'YouTube', 'LXPaDL_oILs', 'Teaser', 1, '2024-12-07 05:38:06', '0000-00-00 00:00:00'),
(32, 25, 299536, 'https://www.youtube.com/embed/49xWJJvpjzI', 'Thor Arrives In Wakanda Scene - Avengers Infinity War (2018) Movie CLIP 4K ULTRA HD', 'YouTube', '49xWJJvpjzI', 'Clip', 0, '2024-12-07 05:38:06', '0000-00-00 00:00:00'),
(33, 25, 299536, 'https://www.youtube.com/embed/_XkUdr0EDwk', 'AVENGERS 3: Infinity War All Bonus Features & Bloopers (2018)', 'YouTube', '_XkUdr0EDwk', 'Featurette', 0, '2024-12-07 05:38:06', '0000-00-00 00:00:00'),
(34, 25, 299536, 'https://www.youtube.com/embed/jQoNILVFFvs', 'Avengers: Infinity War (2018) - \"Dangers Of Strangers\" | Movie Clip', 'YouTube', 'jQoNILVFFvs', 'Clip', 0, '2024-12-07 05:38:06', '0000-00-00 00:00:00'),
(35, 25, 299536, 'https://www.youtube.com/embed/PARfU2Vi694', 'Avengers vs Ebony Maw & Cull Obsidian | Avengers Infinity War (2018) IMAX Movie Clip HD 4K', 'YouTube', 'PARfU2Vi694', 'Clip', 0, '2024-12-07 05:38:06', '0000-00-00 00:00:00'),
(36, 25, 299536, 'https://www.youtube.com/embed/PbRmbhdHDDM', '\"Family\" Featurette', 'YouTube', 'PbRmbhdHDDM', 'Featurette', 1, '2024-12-07 05:38:06', '0000-00-00 00:00:00'),
(37, 25, 299536, 'https://www.youtube.com/embed/5iOhzJdDawE', 'Chant TV Spot', 'YouTube', '5iOhzJdDawE', 'Teaser', 1, '2024-12-07 05:38:06', '0000-00-00 00:00:00'),
(38, 25, 299536, 'https://www.youtube.com/embed/pVxOVlm_lE8', 'Big Game Spot', 'YouTube', 'pVxOVlm_lE8', 'Teaser', 1, '2024-12-07 05:38:06', '0000-00-00 00:00:00'),
(39, 25, 299536, 'https://www.youtube.com/embed/3VbHg5fqBYw', 'Fans reaction Trailer Tease', 'YouTube', '3VbHg5fqBYw', 'Teaser', 1, '2024-12-07 05:38:06', '0000-00-00 00:00:00'),
(40, 25, 299536, 'https://www.youtube.com/embed/6ZfuNTqbHE8', 'Official Trailer', 'YouTube', '6ZfuNTqbHE8', 'Trailer', 1, '2024-12-07 05:38:06', '0000-00-00 00:00:00'),
(41, 25, 299536, 'https://www.youtube.com/embed/QwievZ1Tx-8', 'Official Trailer #2', 'YouTube', 'QwievZ1Tx-8', 'Trailer', 1, '2024-12-07 05:38:06', '0000-00-00 00:00:00'),
(42, 25, 299536, 'https://www.youtube.com/embed/sAOzrChqmd0', 'Action...Avengers: Infinity War', 'YouTube', 'sAOzrChqmd0', 'Behind the Scenes', 1, '2024-12-07 05:38:06', '0000-00-00 00:00:00'),
(43, 25, 533535, 'https://www.youtube.com/embed/LYaJVfiwv0w', 'On Digital Oct 1 & On Blu-ray Oct 22', 'YouTube', 'LYaJVfiwv0w', 'Teaser', 1, '2024-12-07 05:38:50', '0000-00-00 00:00:00'),
(44, 25, 533535, 'https://www.youtube.com/embed/k2q1haFRQaA', 'Deadpool & Wolverine Come Home', 'YouTube', 'k2q1haFRQaA', 'Teaser', 1, '2024-12-07 05:38:50', '0000-00-00 00:00:00'),
(45, 25, 533535, 'https://www.youtube.com/embed/hiGPEYgOdOs', 'Thank You', 'YouTube', 'hiGPEYgOdOs', 'Featurette', 1, '2024-12-07 05:38:50', '0000-00-00 00:00:00'),
(46, 25, 533535, 'https://www.youtube.com/embed/65oqnYN6as8', 'Name For Myself', 'YouTube', '65oqnYN6as8', 'Teaser', 1, '2024-12-07 05:38:50', '0000-00-00 00:00:00'),
(47, 25, 533535, 'https://www.youtube.com/embed/nY5IAhjTclY', 'The Visual Effects of Cassandra Nova\'s Powers', 'YouTube', 'nY5IAhjTclY', 'Behind the Scenes', 1, '2024-12-07 05:38:50', '0000-00-00 00:00:00'),
(48, 25, 533535, 'https://www.youtube.com/embed/7dOcH4HN5fA', 'All Time', 'YouTube', '7dOcH4HN5fA', 'Teaser', 1, '2024-12-07 05:38:50', '0000-00-00 00:00:00'),
(49, 25, 533535, 'https://www.youtube.com/embed/83KmAr0aviA', 'Popcorn and Jazz - 10 Hours', 'YouTube', '83KmAr0aviA', 'Featurette', 1, '2024-12-07 05:38:50', '0000-00-00 00:00:00'),
(50, 25, 533535, 'https://www.youtube.com/embed/PWdtBp5opqw', 'Billion with a B', 'YouTube', 'PWdtBp5opqw', 'Teaser', 1, '2024-12-07 05:38:50', '0000-00-00 00:00:00'),
(51, 25, 533535, 'https://www.youtube.com/embed/YBYOuQJ5Wno', 'Portal', 'YouTube', 'YBYOuQJ5Wno', 'Teaser', 1, '2024-12-07 05:38:50', '0000-00-00 00:00:00'),
(52, 25, 533535, 'https://www.youtube.com/embed/YyVAwYCzuDk', 'Flame On', 'YouTube', 'YyVAwYCzuDk', 'Teaser', 1, '2024-12-07 05:38:50', '0000-00-00 00:00:00'),
(53, 25, 533535, 'https://www.youtube.com/embed/qhAB4Y1VrO8', 'Smashing', 'YouTube', 'qhAB4Y1VrO8', 'Teaser', 1, '2024-12-07 05:38:50', '0000-00-00 00:00:00'),
(54, 25, 533535, 'https://www.youtube.com/embed/BId1AMHzItQ', 'Crying', 'YouTube', 'BId1AMHzItQ', 'Teaser', 1, '2024-12-07 05:38:50', '0000-00-00 00:00:00'),
(55, 25, 533535, 'https://www.youtube.com/embed/3yPfmJMzVVY', 'Thank You, Ray Chan', 'YouTube', '3yPfmJMzVVY', 'Behind the Scenes', 1, '2024-12-07 05:38:50', '0000-00-00 00:00:00'),
(56, 25, 533535, 'https://www.youtube.com/embed/45LohjMTJOM', 'Dogpool Blooper', 'YouTube', '45LohjMTJOM', 'Bloopers', 1, '2024-12-07 05:38:50', '0000-00-00 00:00:00'),
(57, 25, 533535, 'https://www.youtube.com/embed/G9BWRaXdA-M', 'Score', 'YouTube', 'G9BWRaXdA-M', 'Behind the Scenes', 1, '2024-12-07 05:38:50', '0000-00-00 00:00:00'),
(58, 25, 533535, 'https://www.youtube.com/embed/XBLJ6XOCBdY', 'Watch Deadpool & Wolverine again and again and again and again and again and again and again and aga', 'YouTube', 'XBLJ6XOCBdY', 'Featurette', 1, '2024-12-07 05:38:50', '0000-00-00 00:00:00'),
(59, 25, 533535, 'https://www.youtube.com/embed/QQ_jvHQM53o', 'Smash', 'YouTube', 'QQ_jvHQM53o', 'Teaser', 1, '2024-12-07 05:38:50', '0000-00-00 00:00:00'),
(60, 25, 533535, 'https://www.youtube.com/embed/9Bo_GQtD7vo', 'Ultimate Deadpool & Wolverine Celebration of Life', 'YouTube', '9Bo_GQtD7vo', 'Featurette', 1, '2024-12-07 05:38:51', '0000-00-00 00:00:00'),
(61, 25, 533535, 'https://www.youtube.com/embed/XfD4F9E3yX0', 'Deadpool & Wolverine & Walking4Hope', 'YouTube', 'XfD4F9E3yX0', 'Featurette', 1, '2024-12-07 05:38:51', '0000-00-00 00:00:00'),
(62, 25, 533535, 'https://www.youtube.com/embed/eoFCmgF8Cjs', 'Go', 'YouTube', 'eoFCmgF8Cjs', 'Teaser', 1, '2024-12-07 05:38:51', '0000-00-00 00:00:00'),
(63, 25, 533535, 'https://www.youtube.com/embed/dIpNpMfGxK8', 'Legendary', 'YouTube', 'dIpNpMfGxK8', 'Teaser', 1, '2024-12-07 05:38:51', '0000-00-00 00:00:00'),
(64, 25, 533535, 'https://www.youtube.com/embed/u06vqfLcBas', 'Pray', 'YouTube', 'u06vqfLcBas', 'Teaser', 1, '2024-12-07 05:38:51', '0000-00-00 00:00:00'),
(65, 25, 533535, 'https://www.youtube.com/embed/xdUc7qURlk4', 'Official IMAX® Interview', 'YouTube', 'xdUc7qURlk4', 'Featurette', 1, '2024-12-07 05:38:51', '0000-00-00 00:00:00'),
(66, 25, 533535, 'https://www.youtube.com/embed/ETuda6ZGQkU', 'Gear Up', 'YouTube', 'ETuda6ZGQkU', 'Teaser', 1, '2024-12-07 05:38:51', '0000-00-00 00:00:00'),
(67, 25, 533535, 'https://www.youtube.com/embed/UffWG-yFGgw', 'This Friday', 'YouTube', 'UffWG-yFGgw', 'Teaser', 1, '2024-12-07 05:38:51', '0000-00-00 00:00:00'),
(68, 25, 533535, 'https://www.youtube.com/embed/8BjXzXq3O5A', 'Deadpool & Wolverine in the Studio', 'YouTube', '8BjXzXq3O5A', 'Featurette', 0, '2024-12-07 05:38:51', '0000-00-00 00:00:00'),
(69, 25, 533535, 'https://www.youtube.com/embed/Idh8n5XuYIA', 'Final Trailer', 'YouTube', 'Idh8n5XuYIA', 'Trailer', 1, '2024-12-07 05:38:51', '0000-00-00 00:00:00'),
(70, 25, 533535, 'https://www.youtube.com/embed/C2QCuBX_byg', 'Everyone', 'YouTube', 'C2QCuBX_byg', 'Teaser', 1, '2024-12-07 05:38:51', '0000-00-00 00:00:00'),
(71, 25, 533535, 'https://www.youtube.com/embed/eN2rNIgy9JQ', 'Can’t Unsee It', 'YouTube', 'eN2rNIgy9JQ', 'Teaser', 1, '2024-12-07 05:38:51', '0000-00-00 00:00:00'),
(72, 25, 533535, 'https://www.youtube.com/embed/eS-MpmL6fPc', 'Pumped', 'YouTube', 'eS-MpmL6fPc', 'Teaser', 1, '2024-12-07 05:38:51', '0000-00-00 00:00:00'),
(73, 25, 533535, 'https://www.youtube.com/embed/LYuc1wDC318', 'World Tour', 'YouTube', 'LYuc1wDC318', 'Featurette', 1, '2024-12-07 05:38:51', '0000-00-00 00:00:00'),
(74, 25, 533535, 'https://www.youtube.com/embed/S2sBNY9Wg8o', 'Deadpool & Wolverine & The Bachelorette', 'YouTube', 'S2sBNY9Wg8o', 'Featurette', 1, '2024-12-07 05:38:51', '0000-00-00 00:00:00'),
(75, 25, 533535, 'https://www.youtube.com/embed/Up6hJCihbL8', 'Purpose', 'YouTube', 'Up6hJCihbL8', 'Teaser', 1, '2024-12-07 05:38:51', '0000-00-00 00:00:00'),
(76, 25, 533535, 'https://www.youtube.com/embed/qoAYNhOWol8', 'Shanghai Fan Event', 'YouTube', 'qoAYNhOWol8', 'Featurette', 1, '2024-12-07 05:38:51', '0000-00-00 00:00:00'),
(77, 25, 533535, 'https://www.youtube.com/embed/pABY-rpsfH4', 'LFG', 'YouTube', 'pABY-rpsfH4', 'Teaser', 1, '2024-12-07 05:38:51', '0000-00-00 00:00:00'),
(78, 25, 533535, 'https://www.youtube.com/embed/r3LisZEIK34', 'Nice', 'YouTube', 'r3LisZEIK34', 'Teaser', 1, '2024-12-07 05:38:52', '0000-00-00 00:00:00'),
(79, 25, 533535, 'https://www.youtube.com/embed/Esc_qtkULBE', 'Tickets On Sale', 'YouTube', 'Esc_qtkULBE', 'Teaser', 1, '2024-12-07 05:38:52', '0000-00-00 00:00:00'),
(80, 25, 533535, 'https://www.youtube.com/embed/ewkLcCQ1O-0', 'The Deadpool And Wolverine popcorn bucket has arrived', 'YouTube', 'ewkLcCQ1O-0', 'Featurette', 1, '2024-12-07 05:38:52', '0000-00-00 00:00:00'),
(81, 25, 533535, 'https://www.youtube.com/embed/pn5fdK61o9c', 'Best Friends Day', 'YouTube', 'pn5fdK61o9c', 'Teaser', 1, '2024-12-07 05:38:52', '0000-00-00 00:00:00'),
(82, 25, 533535, 'https://www.youtube.com/embed/NebqFm0PoVw', 'Heineken Silver - World-Class Light Beer for World-Class Bubs', 'YouTube', 'NebqFm0PoVw', 'Featurette', 0, '2024-12-07 05:38:52', '0000-00-00 00:00:00'),
(83, 25, 533535, 'https://www.youtube.com/embed/YLswizPsdYk', 'Get Tickets Now', 'YouTube', 'YLswizPsdYk', 'Featurette', 1, '2024-12-07 05:38:52', '0000-00-00 00:00:00'),
(84, 25, 533535, 'https://www.youtube.com/embed/2I5aSPn_eYQ', 'Tickets On Sale Now', 'YouTube', '2I5aSPn_eYQ', 'Teaser', 1, '2024-12-07 05:38:52', '0000-00-00 00:00:00'),
(85, 25, 533535, 'https://www.youtube.com/embed/73_1biulkYk', 'Official Trailer', 'YouTube', '73_1biulkYk', 'Trailer', 1, '2024-12-07 05:38:52', '0000-00-00 00:00:00'),
(86, 25, 533535, 'https://www.youtube.com/embed/umxRwIKOPA4', 'Trailer Tomorrow', 'YouTube', 'umxRwIKOPA4', 'Teaser', 1, '2024-12-07 05:38:52', '0000-00-00 00:00:00'),
(87, 25, 533535, 'https://www.youtube.com/embed/pCdR7mgWT4s', 'Disclaimers', 'YouTube', 'pCdR7mgWT4s', 'Featurette', 1, '2024-12-07 05:38:52', '0000-00-00 00:00:00'),
(88, 25, 533535, 'https://www.youtube.com/embed/uJMCNJP2ipI', 'Official Teaser', 'YouTube', 'uJMCNJP2ipI', 'Teaser', 1, '2024-12-07 05:38:52', '0000-00-00 00:00:00'),
(89, 25, 533535, 'https://www.youtube.com/embed/Szj1iqYanFM', 'Deadpool Update, Part Hugh', 'YouTube', 'Szj1iqYanFM', 'Featurette', 1, '2024-12-07 05:38:52', '0000-00-00 00:00:00'),
(90, 25, 533535, 'https://www.youtube.com/embed/Yd47Z8HYf0Y', 'Deadpool Update', 'YouTube', 'Yd47Z8HYf0Y', 'Featurette', 1, '2024-12-07 05:38:52', '0000-00-00 00:00:00');

--
-- Indexes for dumped tables
--

--
-- Indexes for table `casts`
--
ALTER TABLE `casts`
  ADD PRIMARY KEY (`id`);

--
-- Indexes for table `movies`
--
ALTER TABLE `movies`
  ADD PRIMARY KEY (`id`);

--
-- Indexes for table `photos`
--
ALTER TABLE `photos`
  ADD PRIMARY KEY (`id`);

--
-- Indexes for table `users`
--
ALTER TABLE `users`
  ADD PRIMARY KEY (`id`),
  ADD UNIQUE KEY `email` (`email`);

--
-- Indexes for table `videos`
--
ALTER TABLE `videos`
  ADD PRIMARY KEY (`id`);

--
-- AUTO_INCREMENT for dumped tables
--

--
-- AUTO_INCREMENT for table `casts`
--
ALTER TABLE `casts`
  MODIFY `id` int(11) NOT NULL AUTO_INCREMENT, AUTO_INCREMENT=180;

--
-- AUTO_INCREMENT for table `movies`
--
ALTER TABLE `movies`
  MODIFY `id` int(11) NOT NULL AUTO_INCREMENT, AUTO_INCREMENT=9;

--
-- AUTO_INCREMENT for table `photos`
--
ALTER TABLE `photos`
  MODIFY `id` int(11) NOT NULL AUTO_INCREMENT, AUTO_INCREMENT=242;

--
-- AUTO_INCREMENT for table `users`
--
ALTER TABLE `users`
  MODIFY `id` int(11) NOT NULL AUTO_INCREMENT, AUTO_INCREMENT=26;

--
-- AUTO_INCREMENT for table `videos`
--
ALTER TABLE `videos`
  MODIFY `id` int(11) NOT NULL AUTO_INCREMENT, AUTO_INCREMENT=91;
COMMIT;

/*!40101 SET CHARACTER_SET_CLIENT=@OLD_CHARACTER_SET_CLIENT */;
/*!40101 SET CHARACTER_SET_RESULTS=@OLD_CHARACTER_SET_RESULTS */;
/*!40101 SET COLLATION_CONNECTION=@OLD_COLLATION_CONNECTION */;
